-- phpMyAdmin SQL Dump
-- version 5.1.1
-- https://www.phpmyadmin.net/
--
-- Host: 127.0.0.1
-- Generation Time: Aug 07, 2021 at 01:56 PM
-- Server version: 10.4.20-MariaDB
-- PHP Version: 7.4.21

SET SQL_MODE = "NO_AUTO_VALUE_ON_ZERO";
START TRANSACTION;
SET time_zone = "+00:00";


/*!40101 SET @OLD_CHARACTER_SET_CLIENT=@@CHARACTER_SET_CLIENT */;
/*!40101 SET @OLD_CHARACTER_SET_RESULTS=@@CHARACTER_SET_RESULTS */;
/*!40101 SET @OLD_COLLATION_CONNECTION=@@COLLATION_CONNECTION */;
/*!40101 SET NAMES utf8mb4 */;

--
-- Database: `ace_learning`
--

-- --------------------------------------------------------

--
-- Table structure for table `actions`
--

CREATE TABLE `actions` (
  `id` bigint(20) NOT NULL,
  `activity_name` varchar(255) COLLATE utf8mb4_unicode_ci NOT NULL,
  `module_id` bigint(20) NOT NULL DEFAULT 0,
  `is_menu` bigint(20) DEFAULT NULL,
  `status` tinyint(4) NOT NULL DEFAULT 1 COMMENT '1:active,0:in-active',
  `created_at` timestamp NULL DEFAULT NULL,
  `updated_at` timestamp NULL DEFAULT NULL
) ENGINE=InnoDB DEFAULT CHARSET=utf8mb4 COLLATE=utf8mb4_unicode_ci;

--
-- Dumping data for table `actions`
--

INSERT INTO `actions` (`id`, `activity_name`, `module_id`, `is_menu`, `status`, `created_at`, `updated_at`) VALUES
(1, 'Admin User Management', 4, 5, 1, NULL, NULL),
(2, 'Admin User Entry', 4, NULL, 1, NULL, NULL),
(3, 'Admin User Update', 4, NULL, 1, NULL, NULL),
(4, 'Admin User Delete', 4, NULL, 1, NULL, NULL),
(5, 'Action Management', 7, 10, 1, NULL, NULL),
(6, 'Action Entry', 7, NULL, 1, NULL, NULL),
(7, 'Action Update', 7, NULL, 1, NULL, NULL),
(8, 'Module Management', 7, 9, 1, NULL, NULL),
(9, 'Module Entry', 7, NULL, 1, NULL, NULL),
(10, 'Module Update', 7, NULL, 1, NULL, NULL),
(11, 'Module Delete', 7, NULL, 1, NULL, NULL),
(12, 'General Setting Management', 11, 8, 1, '2020-04-09 08:26:07', '2020-04-09 19:28:49'),
(15, 'General Setting Update', 11, NULL, 1, '2020-04-09 18:50:37', '2020-04-09 19:28:54'),
(16, 'Group Management', 11, 14, 1, '2020-04-10 04:54:39', '2020-04-10 04:59:51'),
(17, 'User Group Entry', 11, NULL, 1, '2020-04-10 04:55:22', '2020-04-10 04:55:22'),
(18, 'User Group Update', 11, NULL, 1, '2020-04-10 04:55:36', '2020-04-10 04:55:36'),
(19, 'User Group Delete', 11, NULL, 1, '2020-04-10 04:56:36', '2020-04-10 04:56:36'),
(20, 'Assign Group Permission', 11, NULL, 1, '2020-04-10 05:26:19', '2020-04-10 05:26:19'),
(93, 'School Management', 11, 39, 1, '2021-07-18 23:40:08', '2021-07-18 23:41:09'),
(94, 'School Entry', 11, NULL, 1, '2021-07-18 23:41:54', '2021-07-18 23:41:54'),
(95, 'School Update', 11, NULL, 1, '2021-07-18 23:42:12', '2021-07-18 23:42:12'),
(96, 'School Delete', 11, NULL, 1, '2021-07-19 01:32:43', '2021-07-19 01:32:43'),
(99, 'School Admins Management', 4, 41, 1, '2021-07-24 19:08:05', '2021-07-24 19:08:05'),
(100, 'School Admins Entry', 4, NULL, 1, '2021-07-25 11:59:14', '2021-07-25 11:59:14'),
(101, 'School Admin Update', 4, NULL, 1, '2021-07-25 12:00:11', '2021-07-25 12:00:11'),
(102, 'School Admin Delete', 4, NULL, 1, '2021-07-25 12:00:38', '2021-07-25 12:00:38'),
(103, 'Student User Management', 42, 43, 1, '2021-08-01 01:04:22', '2021-08-01 01:04:22'),
(104, 'Student User Entry', 42, NULL, 1, '2021-08-01 01:05:16', '2021-08-01 01:05:16'),
(105, 'Student User Update', 42, NULL, 1, '2021-08-01 01:05:38', '2021-08-01 01:05:38'),
(106, 'Student User Delete', 42, NULL, 1, '2021-08-01 01:05:55', '2021-08-01 01:05:55'),
(107, 'Teacher User Management', 42, 44, 1, '2021-08-01 01:08:13', '2021-08-01 01:08:13'),
(108, 'Teacher User Entry', 42, NULL, 1, '2021-08-01 01:08:38', '2021-08-01 01:08:51'),
(109, 'Teacher User Update', 42, NULL, 1, '2021-08-01 01:09:23', '2021-08-01 01:09:23'),
(110, 'Teacher User Delete', 42, NULL, 1, '2021-08-01 01:09:40', '2021-08-01 01:09:40');

-- --------------------------------------------------------

--
-- Table structure for table `jobs`
--

CREATE TABLE `jobs` (
  `id` bigint(20) UNSIGNED NOT NULL,
  `queue` varchar(255) COLLATE utf8mb4_unicode_ci NOT NULL,
  `payload` longtext COLLATE utf8mb4_unicode_ci NOT NULL,
  `attempts` tinyint(3) UNSIGNED NOT NULL,
  `reserved_at` int(10) UNSIGNED DEFAULT NULL,
  `available_at` int(10) UNSIGNED NOT NULL,
  `created_at` int(10) UNSIGNED NOT NULL
) ENGINE=InnoDB DEFAULT CHARSET=utf8mb4 COLLATE=utf8mb4_unicode_ci;

--
-- Dumping data for table `jobs`
--

INSERT INTO `jobs` (`id`, `queue`, `payload`, `attempts`, `reserved_at`, `available_at`, `created_at`) VALUES
(71, 'default', '{\"uuid\":\"128621e9-7913-48ac-a5f1-c4da9f16950e\",\"displayName\":\"App\\\\Jobs\\\\UsersRegistrationConfirmationMailJob\",\"job\":\"Illuminate\\\\Queue\\\\CallQueuedHandler@call\",\"maxTries\":null,\"maxExceptions\":null,\"delay\":null,\"timeout\":null,\"timeoutAt\":null,\"data\":{\"commandName\":\"App\\\\Jobs\\\\UsersRegistrationConfirmationMailJob\",\"command\":\"O:45:\\\"App\\\\Jobs\\\\UsersRegistrationConfirmationMailJob\\\":10:{s:8:\\\"username\\\";s:19:\\\"email2047@gmail.com\\\";s:8:\\\"password\\\";i:1234;s:3:\\\"job\\\";N;s:10:\\\"connection\\\";N;s:5:\\\"queue\\\";N;s:15:\\\"chainConnection\\\";N;s:10:\\\"chainQueue\\\";N;s:5:\\\"delay\\\";N;s:10:\\\"middleware\\\";a:0:{}s:7:\\\"chained\\\";a:0:{}}\"}}', 0, NULL, 1627996469, 1627996469),
(72, 'default', '{\"uuid\":\"5fc8da0a-e825-454e-8751-9fdb51111a98\",\"displayName\":\"App\\\\Jobs\\\\UsersRegistrationConfirmationMailJob\",\"job\":\"Illuminate\\\\Queue\\\\CallQueuedHandler@call\",\"maxTries\":null,\"maxExceptions\":null,\"delay\":null,\"timeout\":null,\"timeoutAt\":null,\"data\":{\"commandName\":\"App\\\\Jobs\\\\UsersRegistrationConfirmationMailJob\",\"command\":\"O:45:\\\"App\\\\Jobs\\\\UsersRegistrationConfirmationMailJob\\\":10:{s:8:\\\"username\\\";s:20:\\\"email21210@gmail.com\\\";s:8:\\\"password\\\";i:1234;s:3:\\\"job\\\";N;s:10:\\\"connection\\\";N;s:5:\\\"queue\\\";N;s:15:\\\"chainConnection\\\";N;s:10:\\\"chainQueue\\\";N;s:5:\\\"delay\\\";N;s:10:\\\"middleware\\\";a:0:{}s:7:\\\"chained\\\";a:0:{}}\"}}', 0, NULL, 1627997205, 1627997205),
(73, 'default', '{\"uuid\":\"736f2bbc-9997-4422-9ca4-899996585c6b\",\"displayName\":\"App\\\\Jobs\\\\UsersRegistrationConfirmationMailJob\",\"job\":\"Illuminate\\\\Queue\\\\CallQueuedHandler@call\",\"maxTries\":null,\"maxExceptions\":null,\"delay\":null,\"timeout\":null,\"timeoutAt\":null,\"data\":{\"commandName\":\"App\\\\Jobs\\\\UsersRegistrationConfirmationMailJob\",\"command\":\"O:45:\\\"App\\\\Jobs\\\\UsersRegistrationConfirmationMailJob\\\":10:{s:8:\\\"username\\\";s:20:\\\"email21440@gmail.com\\\";s:8:\\\"password\\\";i:1234;s:3:\\\"job\\\";N;s:10:\\\"connection\\\";N;s:5:\\\"queue\\\";N;s:15:\\\"chainConnection\\\";N;s:10:\\\"chainQueue\\\";N;s:5:\\\"delay\\\";N;s:10:\\\"middleware\\\";a:0:{}s:7:\\\"chained\\\";a:0:{}}\"}}', 0, NULL, 1627997523, 1627997523),
(74, 'default', '{\"uuid\":\"d20d0c19-e781-432e-94d3-6106233d60fd\",\"displayName\":\"App\\\\Jobs\\\\UsersRegistrationConfirmationMailJob\",\"job\":\"Illuminate\\\\Queue\\\\CallQueuedHandler@call\",\"maxTries\":null,\"maxExceptions\":null,\"delay\":null,\"timeout\":null,\"timeoutAt\":null,\"data\":{\"commandName\":\"App\\\\Jobs\\\\UsersRegistrationConfirmationMailJob\",\"command\":\"O:45:\\\"App\\\\Jobs\\\\UsersRegistrationConfirmationMailJob\\\":10:{s:8:\\\"username\\\";s:19:\\\"email1220@gmail.com\\\";s:8:\\\"password\\\";i:1234;s:3:\\\"job\\\";N;s:10:\\\"connection\\\";N;s:5:\\\"queue\\\";N;s:15:\\\"chainConnection\\\";N;s:10:\\\"chainQueue\\\";N;s:5:\\\"delay\\\";N;s:10:\\\"middleware\\\";a:0:{}s:7:\\\"chained\\\";a:0:{}}\"}}', 0, NULL, 1628002726, 1628002726),
(75, 'default', '{\"uuid\":\"a7257377-e878-4679-a473-55615b0acdd1\",\"displayName\":\"App\\\\Jobs\\\\UsersRegistrationConfirmationMailJob\",\"job\":\"Illuminate\\\\Queue\\\\CallQueuedHandler@call\",\"maxTries\":null,\"maxExceptions\":null,\"delay\":null,\"timeout\":null,\"timeoutAt\":null,\"data\":{\"commandName\":\"App\\\\Jobs\\\\UsersRegistrationConfirmationMailJob\",\"command\":\"O:45:\\\"App\\\\Jobs\\\\UsersRegistrationConfirmationMailJob\\\":10:{s:8:\\\"username\\\";s:19:\\\"email2220@gmail.com\\\";s:8:\\\"password\\\";i:1234;s:3:\\\"job\\\";N;s:10:\\\"connection\\\";N;s:5:\\\"queue\\\";N;s:15:\\\"chainConnection\\\";N;s:10:\\\"chainQueue\\\";N;s:5:\\\"delay\\\";N;s:10:\\\"middleware\\\";a:0:{}s:7:\\\"chained\\\";a:0:{}}\"}}', 0, NULL, 1628003911, 1628003911),
(76, 'default', '{\"uuid\":\"a75529cd-e0d9-40fa-ac0a-2007d7429276\",\"displayName\":\"App\\\\Jobs\\\\UsersRegistrationConfirmationMailJob\",\"job\":\"Illuminate\\\\Queue\\\\CallQueuedHandler@call\",\"maxTries\":null,\"maxExceptions\":null,\"delay\":null,\"timeout\":null,\"timeoutAt\":null,\"data\":{\"commandName\":\"App\\\\Jobs\\\\UsersRegistrationConfirmationMailJob\",\"command\":\"O:45:\\\"App\\\\Jobs\\\\UsersRegistrationConfirmationMailJob\\\":10:{s:8:\\\"username\\\";s:15:\\\"kamal@gmail.com\\\";s:8:\\\"password\\\";i:1234;s:3:\\\"job\\\";N;s:10:\\\"connection\\\";N;s:5:\\\"queue\\\";N;s:15:\\\"chainConnection\\\";N;s:10:\\\"chainQueue\\\";N;s:5:\\\"delay\\\";N;s:10:\\\"middleware\\\";a:0:{}s:7:\\\"chained\\\";a:0:{}}\"}}', 0, NULL, 1628005763, 1628005763),
(77, 'default', '{\"uuid\":\"0628ed94-344d-4b96-9f01-0edec3a15e64\",\"displayName\":\"App\\\\Jobs\\\\UsersRegistrationConfirmationMailJob\",\"job\":\"Illuminate\\\\Queue\\\\CallQueuedHandler@call\",\"maxTries\":null,\"maxExceptions\":null,\"delay\":null,\"timeout\":null,\"timeoutAt\":null,\"data\":{\"commandName\":\"App\\\\Jobs\\\\UsersRegistrationConfirmationMailJob\",\"command\":\"O:45:\\\"App\\\\Jobs\\\\UsersRegistrationConfirmationMailJob\\\":10:{s:8:\\\"username\\\";s:14:\\\"rana@gmail.com\\\";s:8:\\\"password\\\";i:1234;s:3:\\\"job\\\";N;s:10:\\\"connection\\\";N;s:5:\\\"queue\\\";N;s:15:\\\"chainConnection\\\";N;s:10:\\\"chainQueue\\\";N;s:5:\\\"delay\\\";N;s:10:\\\"middleware\\\";a:0:{}s:7:\\\"chained\\\";a:0:{}}\"}}', 0, NULL, 1628006797, 1628006797),
(78, 'default', '{\"uuid\":\"0848867b-acc5-4b39-956e-181308715734\",\"displayName\":\"App\\\\Jobs\\\\UsersRegistrationConfirmationMailJob\",\"job\":\"Illuminate\\\\Queue\\\\CallQueuedHandler@call\",\"maxTries\":null,\"maxExceptions\":null,\"delay\":null,\"timeout\":null,\"timeoutAt\":null,\"data\":{\"commandName\":\"App\\\\Jobs\\\\UsersRegistrationConfirmationMailJob\",\"command\":\"O:45:\\\"App\\\\Jobs\\\\UsersRegistrationConfirmationMailJob\\\":10:{s:8:\\\"username\\\";s:19:\\\"email2110@gmail.com\\\";s:8:\\\"password\\\";i:1234;s:3:\\\"job\\\";N;s:10:\\\"connection\\\";N;s:5:\\\"queue\\\";N;s:15:\\\"chainConnection\\\";N;s:10:\\\"chainQueue\\\";N;s:5:\\\"delay\\\";N;s:10:\\\"middleware\\\";a:0:{}s:7:\\\"chained\\\";a:0:{}}\"}}', 0, NULL, 1628018215, 1628018215),
(79, 'default', '{\"uuid\":\"59dd265c-fa34-4600-a3cd-e9cf456b8ae2\",\"displayName\":\"App\\\\Jobs\\\\UsersRegistrationConfirmationMailJob\",\"job\":\"Illuminate\\\\Queue\\\\CallQueuedHandler@call\",\"maxTries\":null,\"maxExceptions\":null,\"delay\":null,\"timeout\":null,\"timeoutAt\":null,\"data\":{\"commandName\":\"App\\\\Jobs\\\\UsersRegistrationConfirmationMailJob\",\"command\":\"O:45:\\\"App\\\\Jobs\\\\UsersRegistrationConfirmationMailJob\\\":10:{s:8:\\\"username\\\";s:18:\\\"email120@gmail.com\\\";s:8:\\\"password\\\";i:1234;s:3:\\\"job\\\";N;s:10:\\\"connection\\\";N;s:5:\\\"queue\\\";N;s:15:\\\"chainConnection\\\";N;s:10:\\\"chainQueue\\\";N;s:5:\\\"delay\\\";N;s:10:\\\"middleware\\\";a:0:{}s:7:\\\"chained\\\";a:0:{}}\"}}', 0, NULL, 1628018383, 1628018383),
(80, 'default', '{\"uuid\":\"058fb096-6e37-493b-8fa8-98c212275cce\",\"displayName\":\"App\\\\Jobs\\\\UsersRegistrationConfirmationMailJob\",\"job\":\"Illuminate\\\\Queue\\\\CallQueuedHandler@call\",\"maxTries\":null,\"maxExceptions\":null,\"delay\":null,\"timeout\":null,\"timeoutAt\":null,\"data\":{\"commandName\":\"App\\\\Jobs\\\\UsersRegistrationConfirmationMailJob\",\"command\":\"O:45:\\\"App\\\\Jobs\\\\UsersRegistrationConfirmationMailJob\\\":10:{s:8:\\\"username\\\";s:18:\\\"email201@gmail.com\\\";s:8:\\\"password\\\";i:1234;s:3:\\\"job\\\";N;s:10:\\\"connection\\\";N;s:5:\\\"queue\\\";N;s:15:\\\"chainConnection\\\";N;s:10:\\\"chainQueue\\\";N;s:5:\\\"delay\\\";N;s:10:\\\"middleware\\\";a:0:{}s:7:\\\"chained\\\";a:0:{}}\"}}', 0, NULL, 1628018458, 1628018458),
(81, 'default', '{\"uuid\":\"b2794b69-765e-4d9b-bc49-56d3cfe1df22\",\"displayName\":\"App\\\\Jobs\\\\UsersRegistrationConfirmationMailJob\",\"job\":\"Illuminate\\\\Queue\\\\CallQueuedHandler@call\",\"maxTries\":null,\"maxExceptions\":null,\"delay\":null,\"timeout\":null,\"timeoutAt\":null,\"data\":{\"commandName\":\"App\\\\Jobs\\\\UsersRegistrationConfirmationMailJob\",\"command\":\"O:45:\\\"App\\\\Jobs\\\\UsersRegistrationConfirmationMailJob\\\":10:{s:8:\\\"username\\\";s:18:\\\"email270@gmail.com\\\";s:8:\\\"password\\\";i:1234;s:3:\\\"job\\\";N;s:10:\\\"connection\\\";N;s:5:\\\"queue\\\";N;s:15:\\\"chainConnection\\\";N;s:10:\\\"chainQueue\\\";N;s:5:\\\"delay\\\";N;s:10:\\\"middleware\\\";a:0:{}s:7:\\\"chained\\\";a:0:{}}\"}}', 0, NULL, 1628018668, 1628018668),
(82, 'default', '{\"uuid\":\"0d4b01e7-dad6-4e9e-b143-d0af5f83a0f0\",\"displayName\":\"App\\\\Jobs\\\\UsersRegistrationConfirmationMailJob\",\"job\":\"Illuminate\\\\Queue\\\\CallQueuedHandler@call\",\"maxTries\":null,\"maxExceptions\":null,\"delay\":null,\"timeout\":null,\"timeoutAt\":null,\"data\":{\"commandName\":\"App\\\\Jobs\\\\UsersRegistrationConfirmationMailJob\",\"command\":\"O:45:\\\"App\\\\Jobs\\\\UsersRegistrationConfirmationMailJob\\\":10:{s:8:\\\"username\\\";s:19:\\\"email2010@gmail.com\\\";s:8:\\\"password\\\";i:1234;s:3:\\\"job\\\";N;s:10:\\\"connection\\\";N;s:5:\\\"queue\\\";N;s:15:\\\"chainConnection\\\";N;s:10:\\\"chainQueue\\\";N;s:5:\\\"delay\\\";N;s:10:\\\"middleware\\\";a:0:{}s:7:\\\"chained\\\";a:0:{}}\"}}', 0, NULL, 1628018813, 1628018813),
(83, 'default', '{\"uuid\":\"fcee3c3d-1632-4280-88c2-25bc12e2ed1e\",\"displayName\":\"App\\\\Jobs\\\\UsersRegistrationConfirmationMailJob\",\"job\":\"Illuminate\\\\Queue\\\\CallQueuedHandler@call\",\"maxTries\":null,\"maxExceptions\":null,\"delay\":null,\"timeout\":null,\"timeoutAt\":null,\"data\":{\"commandName\":\"App\\\\Jobs\\\\UsersRegistrationConfirmationMailJob\",\"command\":\"O:45:\\\"App\\\\Jobs\\\\UsersRegistrationConfirmationMailJob\\\":10:{s:8:\\\"username\\\";s:19:\\\"email2089@gmail.com\\\";s:8:\\\"password\\\";i:1234;s:3:\\\"job\\\";N;s:10:\\\"connection\\\";N;s:5:\\\"queue\\\";N;s:15:\\\"chainConnection\\\";N;s:10:\\\"chainQueue\\\";N;s:5:\\\"delay\\\";N;s:10:\\\"middleware\\\";a:0:{}s:7:\\\"chained\\\";a:0:{}}\"}}', 0, NULL, 1628023154, 1628023154),
(84, 'default', '{\"uuid\":\"ad70257d-0b5d-4262-bad5-864cad7676b0\",\"displayName\":\"App\\\\Jobs\\\\UsersRegistrationConfirmationMailJob\",\"job\":\"Illuminate\\\\Queue\\\\CallQueuedHandler@call\",\"maxTries\":null,\"maxExceptions\":null,\"delay\":null,\"timeout\":null,\"timeoutAt\":null,\"data\":{\"commandName\":\"App\\\\Jobs\\\\UsersRegistrationConfirmationMailJob\",\"command\":\"O:45:\\\"App\\\\Jobs\\\\UsersRegistrationConfirmationMailJob\\\":10:{s:8:\\\"username\\\";s:15:\\\"mamun@gmail.com\\\";s:8:\\\"password\\\";i:1234;s:3:\\\"job\\\";N;s:10:\\\"connection\\\";N;s:5:\\\"queue\\\";N;s:15:\\\"chainConnection\\\";N;s:10:\\\"chainQueue\\\";N;s:5:\\\"delay\\\";N;s:10:\\\"middleware\\\";a:0:{}s:7:\\\"chained\\\";a:0:{}}\"}}', 0, NULL, 1628025778, 1628025778),
(85, 'default', '{\"uuid\":\"597d02c1-4528-4c98-833f-161e03828ca6\",\"displayName\":\"App\\\\Jobs\\\\UsersRegistrationConfirmationMailJob\",\"job\":\"Illuminate\\\\Queue\\\\CallQueuedHandler@call\",\"maxTries\":null,\"maxExceptions\":null,\"delay\":null,\"timeout\":null,\"timeoutAt\":null,\"data\":{\"commandName\":\"App\\\\Jobs\\\\UsersRegistrationConfirmationMailJob\",\"command\":\"O:45:\\\"App\\\\Jobs\\\\UsersRegistrationConfirmationMailJob\\\":10:{s:8:\\\"username\\\";s:20:\\\"email14520@gmail.com\\\";s:8:\\\"password\\\";i:1234;s:3:\\\"job\\\";N;s:10:\\\"connection\\\";N;s:5:\\\"queue\\\";N;s:15:\\\"chainConnection\\\";N;s:10:\\\"chainQueue\\\";N;s:5:\\\"delay\\\";N;s:10:\\\"middleware\\\";a:0:{}s:7:\\\"chained\\\";a:0:{}}\"}}', 0, NULL, 1628025999, 1628025999),
(86, 'default', '{\"uuid\":\"5002ec91-10b0-429f-b4f7-bad4e0c3a7ff\",\"displayName\":\"App\\\\Jobs\\\\UsersRegistrationConfirmationMailJob\",\"job\":\"Illuminate\\\\Queue\\\\CallQueuedHandler@call\",\"maxTries\":null,\"maxExceptions\":null,\"delay\":null,\"timeout\":null,\"timeoutAt\":null,\"data\":{\"commandName\":\"App\\\\Jobs\\\\UsersRegistrationConfirmationMailJob\",\"command\":\"O:45:\\\"App\\\\Jobs\\\\UsersRegistrationConfirmationMailJob\\\":10:{s:8:\\\"username\\\";s:15:\\\"email@gmail.com\\\";s:8:\\\"password\\\";i:1234;s:3:\\\"job\\\";N;s:10:\\\"connection\\\";N;s:5:\\\"queue\\\";N;s:15:\\\"chainConnection\\\";N;s:10:\\\"chainQueue\\\";N;s:5:\\\"delay\\\";N;s:10:\\\"middleware\\\";a:0:{}s:7:\\\"chained\\\";a:0:{}}\"}}', 0, NULL, 1628026578, 1628026578),
(87, 'default', '{\"uuid\":\"130a3359-780f-4a06-8997-3e1dc697fc1c\",\"displayName\":\"App\\\\Jobs\\\\UsersRegistrationConfirmationMailJob\",\"job\":\"Illuminate\\\\Queue\\\\CallQueuedHandler@call\",\"maxTries\":null,\"maxExceptions\":null,\"delay\":null,\"timeout\":null,\"timeoutAt\":null,\"data\":{\"commandName\":\"App\\\\Jobs\\\\UsersRegistrationConfirmationMailJob\",\"command\":\"O:45:\\\"App\\\\Jobs\\\\UsersRegistrationConfirmationMailJob\\\":10:{s:8:\\\"username\\\";s:15:\\\"japan@gmail.com\\\";s:8:\\\"password\\\";i:1234;s:3:\\\"job\\\";N;s:10:\\\"connection\\\";N;s:5:\\\"queue\\\";N;s:15:\\\"chainConnection\\\";N;s:10:\\\"chainQueue\\\";N;s:5:\\\"delay\\\";N;s:10:\\\"middleware\\\";a:0:{}s:7:\\\"chained\\\";a:0:{}}\"}}', 0, NULL, 1628026942, 1628026942),
(88, 'default', '{\"uuid\":\"6a4c404d-fa59-43e1-b620-f47741912111\",\"displayName\":\"App\\\\Jobs\\\\UsersRegistrationConfirmationMailJob\",\"job\":\"Illuminate\\\\Queue\\\\CallQueuedHandler@call\",\"maxTries\":null,\"maxExceptions\":null,\"delay\":null,\"timeout\":null,\"timeoutAt\":null,\"data\":{\"commandName\":\"App\\\\Jobs\\\\UsersRegistrationConfirmationMailJob\",\"command\":\"O:45:\\\"App\\\\Jobs\\\\UsersRegistrationConfirmationMailJob\\\":10:{s:8:\\\"username\\\";s:12:\\\"kp@gmail.com\\\";s:8:\\\"password\\\";i:1234;s:3:\\\"job\\\";N;s:10:\\\"connection\\\";N;s:5:\\\"queue\\\";N;s:15:\\\"chainConnection\\\";N;s:10:\\\"chainQueue\\\";N;s:5:\\\"delay\\\";N;s:10:\\\"middleware\\\";a:0:{}s:7:\\\"chained\\\";a:0:{}}\"}}', 0, NULL, 1628027695, 1628027695),
(90, 'default', '{\"uuid\":\"14bf8617-5644-422d-98fe-7e02dacd59ac\",\"displayName\":\"App\\\\Jobs\\\\UsersRegistrationConfirmationMailJob\",\"job\":\"Illuminate\\\\Queue\\\\CallQueuedHandler@call\",\"maxTries\":null,\"maxExceptions\":null,\"delay\":null,\"timeout\":null,\"timeoutAt\":null,\"data\":{\"commandName\":\"App\\\\Jobs\\\\UsersRegistrationConfirmationMailJob\",\"command\":\"O:45:\\\"App\\\\Jobs\\\\UsersRegistrationConfirmationMailJob\\\":10:{s:8:\\\"username\\\";s:14:\\\"mpur@gmail.com\\\";s:8:\\\"password\\\";i:1234;s:3:\\\"job\\\";N;s:10:\\\"connection\\\";N;s:5:\\\"queue\\\";N;s:15:\\\"chainConnection\\\";N;s:10:\\\"chainQueue\\\";N;s:5:\\\"delay\\\";N;s:10:\\\"middleware\\\";a:0:{}s:7:\\\"chained\\\";a:0:{}}\"}}', 0, NULL, 1628074368, 1628074368),
(91, 'default', '{\"uuid\":\"d65ffc3b-c238-4f19-9c26-6509bbb2a026\",\"displayName\":\"App\\\\Jobs\\\\UsersRegistrationConfirmationMailJob\",\"job\":\"Illuminate\\\\Queue\\\\CallQueuedHandler@call\",\"maxTries\":null,\"maxExceptions\":null,\"delay\":null,\"timeout\":null,\"timeoutAt\":null,\"data\":{\"commandName\":\"App\\\\Jobs\\\\UsersRegistrationConfirmationMailJob\",\"command\":\"O:45:\\\"App\\\\Jobs\\\\UsersRegistrationConfirmationMailJob\\\":10:{s:8:\\\"username\\\";s:13:\\\"rip@gmail.com\\\";s:8:\\\"password\\\";i:1234;s:3:\\\"job\\\";N;s:10:\\\"connection\\\";N;s:5:\\\"queue\\\";N;s:15:\\\"chainConnection\\\";N;s:10:\\\"chainQueue\\\";N;s:5:\\\"delay\\\";N;s:10:\\\"middleware\\\";a:0:{}s:7:\\\"chained\\\";a:0:{}}\"}}', 0, NULL, 1628074892, 1628074892),
(92, 'default', '{\"uuid\":\"c1bc41a9-0331-49b3-82be-45dfe752ffc2\",\"displayName\":\"App\\\\Jobs\\\\UsersRegistrationConfirmationMailJob\",\"job\":\"Illuminate\\\\Queue\\\\CallQueuedHandler@call\",\"maxTries\":null,\"maxExceptions\":null,\"delay\":null,\"timeout\":null,\"timeoutAt\":null,\"data\":{\"commandName\":\"App\\\\Jobs\\\\UsersRegistrationConfirmationMailJob\",\"command\":\"O:45:\\\"App\\\\Jobs\\\\UsersRegistrationConfirmationMailJob\\\":10:{s:8:\\\"username\\\";s:14:\\\"kobi@gmail.com\\\";s:8:\\\"password\\\";i:1234;s:3:\\\"job\\\";N;s:10:\\\"connection\\\";N;s:5:\\\"queue\\\";N;s:15:\\\"chainConnection\\\";N;s:10:\\\"chainQueue\\\";N;s:5:\\\"delay\\\";N;s:10:\\\"middleware\\\";a:0:{}s:7:\\\"chained\\\";a:0:{}}\"}}', 0, NULL, 1628075311, 1628075311),
(93, 'default', '{\"uuid\":\"7bb2299c-3319-42ac-92d2-703c989ebf14\",\"displayName\":\"App\\\\Jobs\\\\UsersRegistrationConfirmationMailJob\",\"job\":\"Illuminate\\\\Queue\\\\CallQueuedHandler@call\",\"maxTries\":null,\"maxExceptions\":null,\"delay\":null,\"timeout\":null,\"timeoutAt\":null,\"data\":{\"commandName\":\"App\\\\Jobs\\\\UsersRegistrationConfirmationMailJob\",\"command\":\"O:45:\\\"App\\\\Jobs\\\\UsersRegistrationConfirmationMailJob\\\":10:{s:8:\\\"username\\\";s:13:\\\"mds@gmail.com\\\";s:8:\\\"password\\\";i:1234;s:3:\\\"job\\\";N;s:10:\\\"connection\\\";N;s:5:\\\"queue\\\";N;s:15:\\\"chainConnection\\\";N;s:10:\\\"chainQueue\\\";N;s:5:\\\"delay\\\";N;s:10:\\\"middleware\\\";a:0:{}s:7:\\\"chained\\\";a:0:{}}\"}}', 0, NULL, 1628075546, 1628075546),
(94, 'default', '{\"uuid\":\"f5f3344e-dd88-4343-8299-f7ecb4f98d88\",\"displayName\":\"App\\\\Jobs\\\\UsersRegistrationConfirmationMailJob\",\"job\":\"Illuminate\\\\Queue\\\\CallQueuedHandler@call\",\"maxTries\":null,\"maxExceptions\":null,\"delay\":null,\"timeout\":null,\"timeoutAt\":null,\"data\":{\"commandName\":\"App\\\\Jobs\\\\UsersRegistrationConfirmationMailJob\",\"command\":\"O:45:\\\"App\\\\Jobs\\\\UsersRegistrationConfirmationMailJob\\\":10:{s:8:\\\"username\\\";s:20:\\\"email20777@gmail.com\\\";s:8:\\\"password\\\";i:1234;s:3:\\\"job\\\";N;s:10:\\\"connection\\\";N;s:5:\\\"queue\\\";N;s:15:\\\"chainConnection\\\";N;s:10:\\\"chainQueue\\\";N;s:5:\\\"delay\\\";N;s:10:\\\"middleware\\\";a:0:{}s:7:\\\"chained\\\";a:0:{}}\"}}', 0, NULL, 1628079727, 1628079727),
(95, 'default', '{\"uuid\":\"976a1055-7333-4ff0-b2bd-d2f52a9a6ae7\",\"displayName\":\"App\\\\Jobs\\\\UsersRegistrationConfirmationMailJob\",\"job\":\"Illuminate\\\\Queue\\\\CallQueuedHandler@call\",\"maxTries\":null,\"maxExceptions\":null,\"delay\":null,\"timeout\":null,\"timeoutAt\":null,\"data\":{\"commandName\":\"App\\\\Jobs\\\\UsersRegistrationConfirmationMailJob\",\"command\":\"O:45:\\\"App\\\\Jobs\\\\UsersRegistrationConfirmationMailJob\\\":10:{s:8:\\\"username\\\";s:15:\\\"peace@gmail.com\\\";s:8:\\\"password\\\";i:1234;s:3:\\\"job\\\";N;s:10:\\\"connection\\\";N;s:5:\\\"queue\\\";N;s:15:\\\"chainConnection\\\";N;s:10:\\\"chainQueue\\\";N;s:5:\\\"delay\\\";N;s:10:\\\"middleware\\\";a:0:{}s:7:\\\"chained\\\";a:0:{}}\"}}', 0, NULL, 1628081647, 1628081647),
(96, 'default', '{\"uuid\":\"c173a837-35e8-479d-97a5-d76caf0a88a1\",\"displayName\":\"App\\\\Jobs\\\\UsersRegistrationConfirmationMailJob\",\"job\":\"Illuminate\\\\Queue\\\\CallQueuedHandler@call\",\"maxTries\":null,\"maxExceptions\":null,\"delay\":null,\"timeout\":null,\"timeoutAt\":null,\"data\":{\"commandName\":\"App\\\\Jobs\\\\UsersRegistrationConfirmationMailJob\",\"command\":\"O:45:\\\"App\\\\Jobs\\\\UsersRegistrationConfirmationMailJob\\\":10:{s:8:\\\"username\\\";s:18:\\\"email201@gmail.com\\\";s:8:\\\"password\\\";i:1234;s:3:\\\"job\\\";N;s:10:\\\"connection\\\";N;s:5:\\\"queue\\\";N;s:15:\\\"chainConnection\\\";N;s:10:\\\"chainQueue\\\";N;s:5:\\\"delay\\\";N;s:10:\\\"middleware\\\";a:0:{}s:7:\\\"chained\\\";a:0:{}}\"}}', 0, NULL, 1628083997, 1628083997),
(97, 'default', '{\"uuid\":\"589a12b1-b5a7-40b6-8931-275961872b2a\",\"displayName\":\"App\\\\Jobs\\\\UsersRegistrationConfirmationMailJob\",\"job\":\"Illuminate\\\\Queue\\\\CallQueuedHandler@call\",\"maxTries\":null,\"maxExceptions\":null,\"delay\":null,\"timeout\":null,\"timeoutAt\":null,\"data\":{\"commandName\":\"App\\\\Jobs\\\\UsersRegistrationConfirmationMailJob\",\"command\":\"O:45:\\\"App\\\\Jobs\\\\UsersRegistrationConfirmationMailJob\\\":10:{s:8:\\\"username\\\";s:21:\\\"mohammadpur@gmail.com\\\";s:8:\\\"password\\\";i:1234;s:3:\\\"job\\\";N;s:10:\\\"connection\\\";N;s:5:\\\"queue\\\";N;s:15:\\\"chainConnection\\\";N;s:10:\\\"chainQueue\\\";N;s:5:\\\"delay\\\";N;s:10:\\\"middleware\\\";a:0:{}s:7:\\\"chained\\\";a:0:{}}\"}}', 0, NULL, 1628095931, 1628095931),
(98, 'default', '{\"uuid\":\"76500e38-7e09-49f8-93e0-1285608fe6aa\",\"displayName\":\"App\\\\Jobs\\\\UsersRegistrationConfirmationMailJob\",\"job\":\"Illuminate\\\\Queue\\\\CallQueuedHandler@call\",\"maxTries\":null,\"maxExceptions\":null,\"delay\":null,\"timeout\":null,\"timeoutAt\":null,\"data\":{\"commandName\":\"App\\\\Jobs\\\\UsersRegistrationConfirmationMailJob\",\"command\":\"O:45:\\\"App\\\\Jobs\\\\UsersRegistrationConfirmationMailJob\\\":10:{s:8:\\\"username\\\";s:15:\\\"faruk@gmail.com\\\";s:8:\\\"password\\\";i:1234;s:3:\\\"job\\\";N;s:10:\\\"connection\\\";N;s:5:\\\"queue\\\";N;s:15:\\\"chainConnection\\\";N;s:10:\\\"chainQueue\\\";N;s:5:\\\"delay\\\";N;s:10:\\\"middleware\\\";a:0:{}s:7:\\\"chained\\\";a:0:{}}\"}}', 0, NULL, 1628096068, 1628096068),
(99, 'default', '{\"uuid\":\"2dc8c278-9503-4498-b773-16959e06b7aa\",\"displayName\":\"App\\\\Jobs\\\\UsersRegistrationConfirmationMailJob\",\"job\":\"Illuminate\\\\Queue\\\\CallQueuedHandler@call\",\"maxTries\":null,\"maxExceptions\":null,\"delay\":null,\"timeout\":null,\"timeoutAt\":null,\"data\":{\"commandName\":\"App\\\\Jobs\\\\UsersRegistrationConfirmationMailJob\",\"command\":\"O:45:\\\"App\\\\Jobs\\\\UsersRegistrationConfirmationMailJob\\\":10:{s:8:\\\"username\\\";s:18:\\\"newsuper@gmail.com\\\";s:8:\\\"password\\\";i:1234;s:3:\\\"job\\\";N;s:10:\\\"connection\\\";N;s:5:\\\"queue\\\";N;s:15:\\\"chainConnection\\\";N;s:10:\\\"chainQueue\\\";N;s:5:\\\"delay\\\";N;s:10:\\\"middleware\\\";a:0:{}s:7:\\\"chained\\\";a:0:{}}\"}}', 0, NULL, 1628096128, 1628096128),
(101, 'default', '{\"uuid\":\"45ce26d0-0495-4c44-b385-0871e99c2a8a\",\"displayName\":\"App\\\\Jobs\\\\UsersRegistrationConfirmationMailJob\",\"job\":\"Illuminate\\\\Queue\\\\CallQueuedHandler@call\",\"maxTries\":null,\"maxExceptions\":null,\"delay\":null,\"timeout\":null,\"timeoutAt\":null,\"data\":{\"commandName\":\"App\\\\Jobs\\\\UsersRegistrationConfirmationMailJob\",\"command\":\"O:45:\\\"App\\\\Jobs\\\\UsersRegistrationConfirmationMailJob\\\":10:{s:8:\\\"username\\\";s:13:\\\"asd@gmail.com\\\";s:8:\\\"password\\\";i:1234;s:3:\\\"job\\\";N;s:10:\\\"connection\\\";N;s:5:\\\"queue\\\";N;s:15:\\\"chainConnection\\\";N;s:10:\\\"chainQueue\\\";N;s:5:\\\"delay\\\";N;s:10:\\\"middleware\\\";a:0:{}s:7:\\\"chained\\\";a:0:{}}\"}}', 0, NULL, 1628103988, 1628103988),
(102, 'default', '{\"uuid\":\"059a2c38-aee6-4bbc-9c5e-d4361c3e20be\",\"displayName\":\"App\\\\Jobs\\\\UsersRegistrationConfirmationMailJob\",\"job\":\"Illuminate\\\\Queue\\\\CallQueuedHandler@call\",\"maxTries\":null,\"maxExceptions\":null,\"delay\":null,\"timeout\":null,\"timeoutAt\":null,\"data\":{\"commandName\":\"App\\\\Jobs\\\\UsersRegistrationConfirmationMailJob\",\"command\":\"O:45:\\\"App\\\\Jobs\\\\UsersRegistrationConfirmationMailJob\\\":10:{s:8:\\\"username\\\";s:15:\\\"fahim@gmail.com\\\";s:8:\\\"password\\\";i:1234;s:3:\\\"job\\\";N;s:10:\\\"connection\\\";N;s:5:\\\"queue\\\";N;s:15:\\\"chainConnection\\\";N;s:10:\\\"chainQueue\\\";N;s:5:\\\"delay\\\";N;s:10:\\\"middleware\\\";a:0:{}s:7:\\\"chained\\\";a:0:{}}\"}}', 0, NULL, 1628133820, 1628133820),
(103, 'default', '{\"uuid\":\"be28ed64-d1cc-405f-8765-4b030b589c7f\",\"displayName\":\"App\\\\Jobs\\\\UsersRegistrationConfirmationMailJob\",\"job\":\"Illuminate\\\\Queue\\\\CallQueuedHandler@call\",\"maxTries\":null,\"maxExceptions\":null,\"delay\":null,\"timeout\":null,\"timeoutAt\":null,\"data\":{\"commandName\":\"App\\\\Jobs\\\\UsersRegistrationConfirmationMailJob\",\"command\":\"O:45:\\\"App\\\\Jobs\\\\UsersRegistrationConfirmationMailJob\\\":10:{s:8:\\\"username\\\";s:15:\\\"email@gmail.com\\\";s:8:\\\"password\\\";i:1234;s:3:\\\"job\\\";N;s:10:\\\"connection\\\";N;s:5:\\\"queue\\\";N;s:15:\\\"chainConnection\\\";N;s:10:\\\"chainQueue\\\";N;s:5:\\\"delay\\\";N;s:10:\\\"middleware\\\";a:0:{}s:7:\\\"chained\\\";a:0:{}}\"}}', 0, NULL, 1628134040, 1628134040),
(104, 'default', '{\"uuid\":\"ec99e1b5-0855-4d3b-b286-a62df4e0fcb3\",\"displayName\":\"App\\\\Jobs\\\\UsersRegistrationConfirmationMailJob\",\"job\":\"Illuminate\\\\Queue\\\\CallQueuedHandler@call\",\"maxTries\":null,\"maxExceptions\":null,\"delay\":null,\"timeout\":null,\"timeoutAt\":null,\"data\":{\"commandName\":\"App\\\\Jobs\\\\UsersRegistrationConfirmationMailJob\",\"command\":\"O:45:\\\"App\\\\Jobs\\\\UsersRegistrationConfirmationMailJob\\\":10:{s:8:\\\"username\\\";s:12:\\\"ss@gmail.com\\\";s:8:\\\"password\\\";i:1234;s:3:\\\"job\\\";N;s:10:\\\"connection\\\";N;s:5:\\\"queue\\\";N;s:15:\\\"chainConnection\\\";N;s:10:\\\"chainQueue\\\";N;s:5:\\\"delay\\\";N;s:10:\\\"middleware\\\";a:0:{}s:7:\\\"chained\\\";a:0:{}}\"}}', 0, NULL, 1628134138, 1628134138),
(105, 'default', '{\"uuid\":\"3135e1e5-f7b8-4369-8d28-50558693a3bd\",\"displayName\":\"App\\\\Jobs\\\\UsersRegistrationConfirmationMailJob\",\"job\":\"Illuminate\\\\Queue\\\\CallQueuedHandler@call\",\"maxTries\":null,\"maxExceptions\":null,\"delay\":null,\"timeout\":null,\"timeoutAt\":null,\"data\":{\"commandName\":\"App\\\\Jobs\\\\UsersRegistrationConfirmationMailJob\",\"command\":\"O:45:\\\"App\\\\Jobs\\\\UsersRegistrationConfirmationMailJob\\\":10:{s:8:\\\"username\\\";s:14:\\\"sdfg@gmail.com\\\";s:8:\\\"password\\\";i:1234;s:3:\\\"job\\\";N;s:10:\\\"connection\\\";N;s:5:\\\"queue\\\";N;s:15:\\\"chainConnection\\\";N;s:10:\\\"chainQueue\\\";N;s:5:\\\"delay\\\";N;s:10:\\\"middleware\\\";a:0:{}s:7:\\\"chained\\\";a:0:{}}\"}}', 0, NULL, 1628149596, 1628149596),
(117, 'default', '{\"uuid\":\"8b29aac1-4a73-4d66-8776-03599fa99280\",\"displayName\":\"App\\\\Jobs\\\\UsersRegistrationConfirmationMailJob\",\"job\":\"Illuminate\\\\Queue\\\\CallQueuedHandler@call\",\"maxTries\":null,\"maxExceptions\":null,\"delay\":null,\"timeout\":null,\"timeoutAt\":null,\"data\":{\"commandName\":\"App\\\\Jobs\\\\UsersRegistrationConfirmationMailJob\",\"command\":\"O:45:\\\"App\\\\Jobs\\\\UsersRegistrationConfirmationMailJob\\\":10:{s:8:\\\"username\\\";s:14:\\\"asdf@gmail.com\\\";s:8:\\\"password\\\";i:1234;s:3:\\\"job\\\";N;s:10:\\\"connection\\\";N;s:5:\\\"queue\\\";N;s:15:\\\"chainConnection\\\";N;s:10:\\\"chainQueue\\\";N;s:5:\\\"delay\\\";N;s:10:\\\"middleware\\\";a:0:{}s:7:\\\"chained\\\";a:0:{}}\"}}', 0, NULL, 1628159883, 1628159883),
(121, 'default', '{\"uuid\":\"fc56b578-b227-459a-9dbc-29e6fafddcfd\",\"displayName\":\"App\\\\Jobs\\\\UsersRegistrationConfirmationMailJob\",\"job\":\"Illuminate\\\\Queue\\\\CallQueuedHandler@call\",\"maxTries\":null,\"maxExceptions\":null,\"delay\":null,\"timeout\":null,\"timeoutAt\":null,\"data\":{\"commandName\":\"App\\\\Jobs\\\\UsersRegistrationConfirmationMailJob\",\"command\":\"O:45:\\\"App\\\\Jobs\\\\UsersRegistrationConfirmationMailJob\\\":10:{s:8:\\\"username\\\";s:14:\\\"sadf@gmail.com\\\";s:8:\\\"password\\\";i:1234;s:3:\\\"job\\\";N;s:10:\\\"connection\\\";N;s:5:\\\"queue\\\";N;s:15:\\\"chainConnection\\\";N;s:10:\\\"chainQueue\\\";N;s:5:\\\"delay\\\";N;s:10:\\\"middleware\\\";a:0:{}s:7:\\\"chained\\\";a:0:{}}\"}}', 0, NULL, 1628160565, 1628160565),
(128, 'default', '{\"uuid\":\"1a3fa5f1-9e15-46f0-a2b9-dc26e88839a8\",\"displayName\":\"App\\\\Jobs\\\\UsersRegistrationConfirmationMailJob\",\"job\":\"Illuminate\\\\Queue\\\\CallQueuedHandler@call\",\"maxTries\":null,\"maxExceptions\":null,\"delay\":null,\"timeout\":null,\"timeoutAt\":null,\"data\":{\"commandName\":\"App\\\\Jobs\\\\UsersRegistrationConfirmationMailJob\",\"command\":\"O:45:\\\"App\\\\Jobs\\\\UsersRegistrationConfirmationMailJob\\\":10:{s:8:\\\"username\\\";s:12:\\\"ma@gmail.com\\\";s:8:\\\"password\\\";i:1234;s:3:\\\"job\\\";N;s:10:\\\"connection\\\";N;s:5:\\\"queue\\\";N;s:15:\\\"chainConnection\\\";N;s:10:\\\"chainQueue\\\";N;s:5:\\\"delay\\\";N;s:10:\\\"middleware\\\";a:0:{}s:7:\\\"chained\\\";a:0:{}}\"}}', 0, NULL, 1628185504, 1628185504),
(146, 'default', '{\"uuid\":\"24916fbc-1cb5-4001-827f-f72f0dec1592\",\"displayName\":\"App\\\\Jobs\\\\UsersRegistrationConfirmationMailJob\",\"job\":\"Illuminate\\\\Queue\\\\CallQueuedHandler@call\",\"maxTries\":null,\"maxExceptions\":null,\"delay\":null,\"timeout\":null,\"timeoutAt\":null,\"data\":{\"commandName\":\"App\\\\Jobs\\\\UsersRegistrationConfirmationMailJob\",\"command\":\"O:45:\\\"App\\\\Jobs\\\\UsersRegistrationConfirmationMailJob\\\":10:{s:8:\\\"username\\\";s:17:\\\"teacher@gmail.com\\\";s:8:\\\"password\\\";i:1234;s:3:\\\"job\\\";N;s:10:\\\"connection\\\";N;s:5:\\\"queue\\\";N;s:15:\\\"chainConnection\\\";N;s:10:\\\"chainQueue\\\";N;s:5:\\\"delay\\\";N;s:10:\\\"middleware\\\";a:0:{}s:7:\\\"chained\\\";a:0:{}}\"}}', 0, NULL, 1628194153, 1628194153),
(147, 'default', '{\"uuid\":\"7210fde6-1a44-44ff-9632-f22693898c57\",\"displayName\":\"App\\\\Jobs\\\\UsersRegistrationConfirmationMailJob\",\"job\":\"Illuminate\\\\Queue\\\\CallQueuedHandler@call\",\"maxTries\":null,\"maxExceptions\":null,\"delay\":null,\"timeout\":null,\"timeoutAt\":null,\"data\":{\"commandName\":\"App\\\\Jobs\\\\UsersRegistrationConfirmationMailJob\",\"command\":\"O:45:\\\"App\\\\Jobs\\\\UsersRegistrationConfirmationMailJob\\\":10:{s:8:\\\"username\\\";s:17:\\\"dsafasd@gmail.com\\\";s:8:\\\"password\\\";i:1234;s:3:\\\"job\\\";N;s:10:\\\"connection\\\";N;s:5:\\\"queue\\\";N;s:15:\\\"chainConnection\\\";N;s:10:\\\"chainQueue\\\";N;s:5:\\\"delay\\\";N;s:10:\\\"middleware\\\";a:0:{}s:7:\\\"chained\\\";a:0:{}}\"}}', 0, NULL, 1628194255, 1628194255),
(153, 'default', '{\"uuid\":\"dd7177ac-026b-4341-aedc-2e6dc3bbd750\",\"displayName\":\"App\\\\Jobs\\\\UsersRegistrationConfirmationMailJob\",\"job\":\"Illuminate\\\\Queue\\\\CallQueuedHandler@call\",\"maxTries\":null,\"maxExceptions\":null,\"delay\":null,\"timeout\":null,\"timeoutAt\":null,\"data\":{\"commandName\":\"App\\\\Jobs\\\\UsersRegistrationConfirmationMailJob\",\"command\":\"O:45:\\\"App\\\\Jobs\\\\UsersRegistrationConfirmationMailJob\\\":10:{s:8:\\\"username\\\";s:17:\\\"teacher@gmail.com\\\";s:8:\\\"password\\\";i:1234;s:3:\\\"job\\\";N;s:10:\\\"connection\\\";N;s:5:\\\"queue\\\";N;s:15:\\\"chainConnection\\\";N;s:10:\\\"chainQueue\\\";N;s:5:\\\"delay\\\";N;s:10:\\\"middleware\\\";a:0:{}s:7:\\\"chained\\\";a:0:{}}\"}}', 0, NULL, 1628197678, 1628197678),
(154, 'default', '{\"uuid\":\"fee243a0-fce7-425d-97bb-a91f52d9bcf5\",\"displayName\":\"App\\\\Jobs\\\\UsersRegistrationConfirmationMailJob\",\"job\":\"Illuminate\\\\Queue\\\\CallQueuedHandler@call\",\"maxTries\":null,\"maxExceptions\":null,\"delay\":null,\"timeout\":null,\"timeoutAt\":null,\"data\":{\"commandName\":\"App\\\\Jobs\\\\UsersRegistrationConfirmationMailJob\",\"command\":\"O:45:\\\"App\\\\Jobs\\\\UsersRegistrationConfirmationMailJob\\\":10:{s:8:\\\"username\\\";s:19:\\\"emafaskff@gmail.com\\\";s:8:\\\"password\\\";i:1234;s:3:\\\"job\\\";N;s:10:\\\"connection\\\";N;s:5:\\\"queue\\\";N;s:15:\\\"chainConnection\\\";N;s:10:\\\"chainQueue\\\";N;s:5:\\\"delay\\\";N;s:10:\\\"middleware\\\";a:0:{}s:7:\\\"chained\\\";a:0:{}}\"}}', 0, NULL, 1628228149, 1628228149),
(156, 'default', '{\"uuid\":\"f22a94b4-e06c-40a7-a36e-571fb3e84441\",\"displayName\":\"App\\\\Jobs\\\\UsersRegistrationConfirmationMailJob\",\"job\":\"Illuminate\\\\Queue\\\\CallQueuedHandler@call\",\"maxTries\":null,\"maxExceptions\":null,\"delay\":null,\"timeout\":null,\"timeoutAt\":null,\"data\":{\"commandName\":\"App\\\\Jobs\\\\UsersRegistrationConfirmationMailJob\",\"command\":\"O:45:\\\"App\\\\Jobs\\\\UsersRegistrationConfirmationMailJob\\\":10:{s:8:\\\"username\\\";s:14:\\\"main@gmail.com\\\";s:8:\\\"password\\\";i:1234;s:3:\\\"job\\\";N;s:10:\\\"connection\\\";N;s:5:\\\"queue\\\";N;s:15:\\\"chainConnection\\\";N;s:10:\\\"chainQueue\\\";N;s:5:\\\"delay\\\";N;s:10:\\\"middleware\\\";a:0:{}s:7:\\\"chained\\\";a:0:{}}\"}}', 0, NULL, 1628229274, 1628229274),
(176, 'default', '{\"uuid\":\"8f38e316-b18a-4d44-a91e-d4338dc75e6f\",\"displayName\":\"App\\\\Jobs\\\\UsersRegistrationConfirmationMailJob\",\"job\":\"Illuminate\\\\Queue\\\\CallQueuedHandler@call\",\"maxTries\":null,\"maxExceptions\":null,\"delay\":null,\"timeout\":null,\"timeoutAt\":null,\"data\":{\"commandName\":\"App\\\\Jobs\\\\UsersRegistrationConfirmationMailJob\",\"command\":\"O:45:\\\"App\\\\Jobs\\\\UsersRegistrationConfirmationMailJob\\\":10:{s:8:\\\"username\\\";s:15:\\\"peace@gmail.com\\\";s:8:\\\"password\\\";i:1234;s:3:\\\"job\\\";N;s:10:\\\"connection\\\";N;s:5:\\\"queue\\\";N;s:15:\\\"chainConnection\\\";N;s:10:\\\"chainQueue\\\";N;s:5:\\\"delay\\\";N;s:10:\\\"middleware\\\";a:0:{}s:7:\\\"chained\\\";a:0:{}}\"}}', 0, NULL, 1628269651, 1628269651),
(177, 'default', '{\"uuid\":\"40249f48-c81d-4c2c-bc33-cb077ca1a30e\",\"displayName\":\"App\\\\Jobs\\\\UsersRegistrationConfirmationMailJob\",\"job\":\"Illuminate\\\\Queue\\\\CallQueuedHandler@call\",\"maxTries\":null,\"maxExceptions\":null,\"delay\":null,\"timeout\":null,\"timeoutAt\":null,\"data\":{\"commandName\":\"App\\\\Jobs\\\\UsersRegistrationConfirmationMailJob\",\"command\":\"O:45:\\\"App\\\\Jobs\\\\UsersRegistrationConfirmationMailJob\\\":10:{s:8:\\\"username\\\";s:16:\\\"nazmul@gmail.com\\\";s:8:\\\"password\\\";i:1234;s:3:\\\"job\\\";N;s:10:\\\"connection\\\";N;s:5:\\\"queue\\\";N;s:15:\\\"chainConnection\\\";N;s:10:\\\"chainQueue\\\";N;s:5:\\\"delay\\\";N;s:10:\\\"middleware\\\";a:0:{}s:7:\\\"chained\\\";a:0:{}}\"}}', 0, NULL, 1628269817, 1628269817),
(178, 'default', '{\"uuid\":\"4ebdd915-805e-499a-b004-a32e4006cff9\",\"displayName\":\"App\\\\Jobs\\\\UsersRegistrationConfirmationMailJob\",\"job\":\"Illuminate\\\\Queue\\\\CallQueuedHandler@call\",\"maxTries\":null,\"maxExceptions\":null,\"delay\":null,\"timeout\":null,\"timeoutAt\":null,\"data\":{\"commandName\":\"App\\\\Jobs\\\\UsersRegistrationConfirmationMailJob\",\"command\":\"O:45:\\\"App\\\\Jobs\\\\UsersRegistrationConfirmationMailJob\\\":10:{s:8:\\\"username\\\";s:15:\\\"nahar@gmail.com\\\";s:8:\\\"password\\\";i:1234;s:3:\\\"job\\\";N;s:10:\\\"connection\\\";N;s:5:\\\"queue\\\";N;s:15:\\\"chainConnection\\\";N;s:10:\\\"chainQueue\\\";N;s:5:\\\"delay\\\";N;s:10:\\\"middleware\\\";a:0:{}s:7:\\\"chained\\\";a:0:{}}\"}}', 0, NULL, 1628269883, 1628269883),
(179, 'default', '{\"uuid\":\"047d3719-e007-4eee-bf4f-6e9a9c4b0a42\",\"displayName\":\"App\\\\Jobs\\\\UsersRegistrationConfirmationMailJob\",\"job\":\"Illuminate\\\\Queue\\\\CallQueuedHandler@call\",\"maxTries\":null,\"maxExceptions\":null,\"delay\":null,\"timeout\":null,\"timeoutAt\":null,\"data\":{\"commandName\":\"App\\\\Jobs\\\\UsersRegistrationConfirmationMailJob\",\"command\":\"O:45:\\\"App\\\\Jobs\\\\UsersRegistrationConfirmationMailJob\\\":10:{s:8:\\\"username\\\";s:15:\\\"kamal@gmail.com\\\";s:8:\\\"password\\\";i:1234;s:3:\\\"job\\\";N;s:10:\\\"connection\\\";N;s:5:\\\"queue\\\";N;s:15:\\\"chainConnection\\\";N;s:10:\\\"chainQueue\\\";N;s:5:\\\"delay\\\";N;s:10:\\\"middleware\\\";a:0:{}s:7:\\\"chained\\\";a:0:{}}\"}}', 0, NULL, 1628269980, 1628269980),
(180, 'default', '{\"uuid\":\"1c585985-395f-4d57-93a9-248beb90c396\",\"displayName\":\"App\\\\Jobs\\\\UsersRegistrationConfirmationMailJob\",\"job\":\"Illuminate\\\\Queue\\\\CallQueuedHandler@call\",\"maxTries\":null,\"maxExceptions\":null,\"delay\":null,\"timeout\":null,\"timeoutAt\":null,\"data\":{\"commandName\":\"App\\\\Jobs\\\\UsersRegistrationConfirmationMailJob\",\"command\":\"O:45:\\\"App\\\\Jobs\\\\UsersRegistrationConfirmationMailJob\\\":10:{s:8:\\\"username\\\";s:14:\\\"east@gmail.com\\\";s:8:\\\"password\\\";i:1234;s:3:\\\"job\\\";N;s:10:\\\"connection\\\";N;s:5:\\\"queue\\\";N;s:15:\\\"chainConnection\\\";N;s:10:\\\"chainQueue\\\";N;s:5:\\\"delay\\\";N;s:10:\\\"middleware\\\";a:0:{}s:7:\\\"chained\\\";a:0:{}}\"}}', 0, NULL, 1628270061, 1628270061),
(181, 'default', '{\"uuid\":\"396d59de-1bcc-44b5-b16f-04fff02ba5a3\",\"displayName\":\"App\\\\Jobs\\\\UsersRegistrationConfirmationMailJob\",\"job\":\"Illuminate\\\\Queue\\\\CallQueuedHandler@call\",\"maxTries\":null,\"maxExceptions\":null,\"delay\":null,\"timeout\":null,\"timeoutAt\":null,\"data\":{\"commandName\":\"App\\\\Jobs\\\\UsersRegistrationConfirmationMailJob\",\"command\":\"O:45:\\\"App\\\\Jobs\\\\UsersRegistrationConfirmationMailJob\\\":10:{s:8:\\\"username\\\";s:14:\\\"nasd@gmail.com\\\";s:8:\\\"password\\\";i:1234;s:3:\\\"job\\\";N;s:10:\\\"connection\\\";N;s:5:\\\"queue\\\";N;s:15:\\\"chainConnection\\\";N;s:10:\\\"chainQueue\\\";N;s:5:\\\"delay\\\";N;s:10:\\\"middleware\\\";a:0:{}s:7:\\\"chained\\\";a:0:{}}\"}}', 0, NULL, 1628270129, 1628270129),
(182, 'default', '{\"uuid\":\"25e47dfe-a33d-4d3c-93a4-e862b48473bc\",\"displayName\":\"App\\\\Jobs\\\\UsersRegistrationConfirmationMailJob\",\"job\":\"Illuminate\\\\Queue\\\\CallQueuedHandler@call\",\"maxTries\":null,\"maxExceptions\":null,\"delay\":null,\"timeout\":null,\"timeoutAt\":null,\"data\":{\"commandName\":\"App\\\\Jobs\\\\UsersRegistrationConfirmationMailJob\",\"command\":\"O:45:\\\"App\\\\Jobs\\\\UsersRegistrationConfirmationMailJob\\\":10:{s:8:\\\"username\\\";s:15:\\\"tuhin@gmail.com\\\";s:8:\\\"password\\\";i:1234;s:3:\\\"job\\\";N;s:10:\\\"connection\\\";N;s:5:\\\"queue\\\";N;s:15:\\\"chainConnection\\\";N;s:10:\\\"chainQueue\\\";N;s:5:\\\"delay\\\";N;s:10:\\\"middleware\\\";a:0:{}s:7:\\\"chained\\\";a:0:{}}\"}}', 0, NULL, 1628270193, 1628270193),
(190, 'default', '{\"uuid\":\"7ee63581-655e-4917-9300-0e0d5de22499\",\"displayName\":\"App\\\\Jobs\\\\UsersRegistrationConfirmationMailJob\",\"job\":\"Illuminate\\\\Queue\\\\CallQueuedHandler@call\",\"maxTries\":null,\"maxExceptions\":null,\"delay\":null,\"timeout\":null,\"timeoutAt\":null,\"data\":{\"commandName\":\"App\\\\Jobs\\\\UsersRegistrationConfirmationMailJob\",\"command\":\"O:45:\\\"App\\\\Jobs\\\\UsersRegistrationConfirmationMailJob\\\":10:{s:8:\\\"username\\\";s:15:\\\"peace@gmail.com\\\";s:8:\\\"password\\\";i:1234;s:3:\\\"job\\\";N;s:10:\\\"connection\\\";N;s:5:\\\"queue\\\";N;s:15:\\\"chainConnection\\\";N;s:10:\\\"chainQueue\\\";N;s:5:\\\"delay\\\";N;s:10:\\\"middleware\\\";a:0:{}s:7:\\\"chained\\\";a:0:{}}\"}}', 0, NULL, 1628283773, 1628283773),
(191, 'default', '{\"uuid\":\"ef6bc06a-1591-4aee-93b2-712ca25c3678\",\"displayName\":\"App\\\\Jobs\\\\UsersRegistrationConfirmationMailJob\",\"job\":\"Illuminate\\\\Queue\\\\CallQueuedHandler@call\",\"maxTries\":null,\"maxExceptions\":null,\"delay\":null,\"timeout\":null,\"timeoutAt\":null,\"data\":{\"commandName\":\"App\\\\Jobs\\\\UsersRegistrationConfirmationMailJob\",\"command\":\"O:45:\\\"App\\\\Jobs\\\\UsersRegistrationConfirmationMailJob\\\":10:{s:8:\\\"username\\\";s:14:\\\"east@gmail.com\\\";s:8:\\\"password\\\";i:1234;s:3:\\\"job\\\";N;s:10:\\\"connection\\\";N;s:5:\\\"queue\\\";N;s:15:\\\"chainConnection\\\";N;s:10:\\\"chainQueue\\\";N;s:5:\\\"delay\\\";N;s:10:\\\"middleware\\\";a:0:{}s:7:\\\"chained\\\";a:0:{}}\"}}', 0, NULL, 1628283802, 1628283802),
(192, 'default', '{\"uuid\":\"88333570-5301-431b-a920-dce132dff1bc\",\"displayName\":\"App\\\\Jobs\\\\UsersRegistrationConfirmationMailJob\",\"job\":\"Illuminate\\\\Queue\\\\CallQueuedHandler@call\",\"maxTries\":null,\"maxExceptions\":null,\"delay\":null,\"timeout\":null,\"timeoutAt\":null,\"data\":{\"commandName\":\"App\\\\Jobs\\\\UsersRegistrationConfirmationMailJob\",\"command\":\"O:45:\\\"App\\\\Jobs\\\\UsersRegistrationConfirmationMailJob\\\":10:{s:8:\\\"username\\\";s:12:\\\"nk@gmail.com\\\";s:8:\\\"password\\\";i:1234;s:3:\\\"job\\\";N;s:10:\\\"connection\\\";N;s:5:\\\"queue\\\";N;s:15:\\\"chainConnection\\\";N;s:10:\\\"chainQueue\\\";N;s:5:\\\"delay\\\";N;s:10:\\\"middleware\\\";a:0:{}s:7:\\\"chained\\\";a:0:{}}\"}}', 0, NULL, 1628283865, 1628283865),
(193, 'default', '{\"uuid\":\"8efeb79f-869a-4784-ae02-fc6d5d526d05\",\"displayName\":\"App\\\\Jobs\\\\UsersRegistrationConfirmationMailJob\",\"job\":\"Illuminate\\\\Queue\\\\CallQueuedHandler@call\",\"maxTries\":null,\"maxExceptions\":null,\"delay\":null,\"timeout\":null,\"timeoutAt\":null,\"data\":{\"commandName\":\"App\\\\Jobs\\\\UsersRegistrationConfirmationMailJob\",\"command\":\"O:45:\\\"App\\\\Jobs\\\\UsersRegistrationConfirmationMailJob\\\":10:{s:8:\\\"username\\\";s:12:\\\"ma@gmail.com\\\";s:8:\\\"password\\\";i:1234;s:3:\\\"job\\\";N;s:10:\\\"connection\\\";N;s:5:\\\"queue\\\";N;s:15:\\\"chainConnection\\\";N;s:10:\\\"chainQueue\\\";N;s:5:\\\"delay\\\";N;s:10:\\\"middleware\\\";a:0:{}s:7:\\\"chained\\\";a:0:{}}\"}}', 0, NULL, 1628283951, 1628283951),
(194, 'default', '{\"uuid\":\"7d8ef3aa-555b-4d8f-a057-f74463f15eb9\",\"displayName\":\"App\\\\Jobs\\\\UsersRegistrationConfirmationMailJob\",\"job\":\"Illuminate\\\\Queue\\\\CallQueuedHandler@call\",\"maxTries\":null,\"maxExceptions\":null,\"delay\":null,\"timeout\":null,\"timeoutAt\":null,\"data\":{\"commandName\":\"App\\\\Jobs\\\\UsersRegistrationConfirmationMailJob\",\"command\":\"O:45:\\\"App\\\\Jobs\\\\UsersRegistrationConfirmationMailJob\\\":10:{s:8:\\\"username\\\";s:14:\\\"sadf@gmail.com\\\";s:8:\\\"password\\\";i:1234;s:3:\\\"job\\\";N;s:10:\\\"connection\\\";N;s:5:\\\"queue\\\";N;s:15:\\\"chainConnection\\\";N;s:10:\\\"chainQueue\\\";N;s:5:\\\"delay\\\";N;s:10:\\\"middleware\\\";a:0:{}s:7:\\\"chained\\\";a:0:{}}\"}}', 0, NULL, 1628284026, 1628284026),
(195, 'default', '{\"uuid\":\"b7a284eb-8cb3-4e8d-9a1a-04ed91627a8c\",\"displayName\":\"App\\\\Jobs\\\\UsersRegistrationConfirmationMailJob\",\"job\":\"Illuminate\\\\Queue\\\\CallQueuedHandler@call\",\"maxTries\":null,\"maxExceptions\":null,\"delay\":null,\"timeout\":null,\"timeoutAt\":null,\"data\":{\"commandName\":\"App\\\\Jobs\\\\UsersRegistrationConfirmationMailJob\",\"command\":\"O:45:\\\"App\\\\Jobs\\\\UsersRegistrationConfirmationMailJob\\\":10:{s:8:\\\"username\\\";s:16:\\\"afdsad@gmail.com\\\";s:8:\\\"password\\\";i:1234;s:3:\\\"job\\\";N;s:10:\\\"connection\\\";N;s:5:\\\"queue\\\";N;s:15:\\\"chainConnection\\\";N;s:10:\\\"chainQueue\\\";N;s:5:\\\"delay\\\";N;s:10:\\\"middleware\\\";a:0:{}s:7:\\\"chained\\\";a:0:{}}\"}}', 0, NULL, 1628284090, 1628284090),
(196, 'default', '{\"uuid\":\"9f0b4ac3-fe1c-4924-a4d0-ec963e4167b9\",\"displayName\":\"App\\\\Jobs\\\\UsersRegistrationConfirmationMailJob\",\"job\":\"Illuminate\\\\Queue\\\\CallQueuedHandler@call\",\"maxTries\":null,\"maxExceptions\":null,\"delay\":null,\"timeout\":null,\"timeoutAt\":null,\"data\":{\"commandName\":\"App\\\\Jobs\\\\UsersRegistrationConfirmationMailJob\",\"command\":\"O:45:\\\"App\\\\Jobs\\\\UsersRegistrationConfirmationMailJob\\\":10:{s:8:\\\"username\\\";s:14:\\\"asdf@gmail.com\\\";s:8:\\\"password\\\";i:1234;s:3:\\\"job\\\";N;s:10:\\\"connection\\\";N;s:5:\\\"queue\\\";N;s:15:\\\"chainConnection\\\";N;s:10:\\\"chainQueue\\\";N;s:5:\\\"delay\\\";N;s:10:\\\"middleware\\\";a:0:{}s:7:\\\"chained\\\";a:0:{}}\"}}', 0, NULL, 1628308284, 1628308284),
(197, 'default', '{\"uuid\":\"98d49d86-e475-46f2-a50e-3c3ef1eb3926\",\"displayName\":\"App\\\\Jobs\\\\UsersRegistrationConfirmationMailJob\",\"job\":\"Illuminate\\\\Queue\\\\CallQueuedHandler@call\",\"maxTries\":null,\"maxExceptions\":null,\"delay\":null,\"timeout\":null,\"timeoutAt\":null,\"data\":{\"commandName\":\"App\\\\Jobs\\\\UsersRegistrationConfirmationMailJob\",\"command\":\"O:45:\\\"App\\\\Jobs\\\\UsersRegistrationConfirmationMailJob\\\":10:{s:8:\\\"username\\\";s:17:\\\"sadfasd@gmail.com\\\";s:8:\\\"password\\\";i:1234;s:3:\\\"job\\\";N;s:10:\\\"connection\\\";N;s:5:\\\"queue\\\";N;s:15:\\\"chainConnection\\\";N;s:10:\\\"chainQueue\\\";N;s:5:\\\"delay\\\";N;s:10:\\\"middleware\\\";a:0:{}s:7:\\\"chained\\\";a:0:{}}\"}}', 0, NULL, 1628308952, 1628308952),
(198, 'default', '{\"uuid\":\"6c21e939-8091-4464-b0bd-b5481ab3425a\",\"displayName\":\"App\\\\Jobs\\\\UsersRegistrationConfirmationMailJob\",\"job\":\"Illuminate\\\\Queue\\\\CallQueuedHandler@call\",\"maxTries\":null,\"maxExceptions\":null,\"delay\":null,\"timeout\":null,\"timeoutAt\":null,\"data\":{\"commandName\":\"App\\\\Jobs\\\\UsersRegistrationConfirmationMailJob\",\"command\":\"O:45:\\\"App\\\\Jobs\\\\UsersRegistrationConfirmationMailJob\\\":10:{s:8:\\\"username\\\";s:14:\\\"sadf@gmail.com\\\";s:8:\\\"password\\\";i:1234;s:3:\\\"job\\\";N;s:10:\\\"connection\\\";N;s:5:\\\"queue\\\";N;s:15:\\\"chainConnection\\\";N;s:10:\\\"chainQueue\\\";N;s:5:\\\"delay\\\";N;s:10:\\\"middleware\\\";a:0:{}s:7:\\\"chained\\\";a:0:{}}\"}}', 0, NULL, 1628309034, 1628309034),
(210, 'default', '{\"uuid\":\"ec37b0be-bf00-4c0d-8fc6-abe7711e98f6\",\"displayName\":\"App\\\\Jobs\\\\UsersRegistrationConfirmationMailJob\",\"job\":\"Illuminate\\\\Queue\\\\CallQueuedHandler@call\",\"maxTries\":null,\"maxExceptions\":null,\"delay\":null,\"timeout\":null,\"timeoutAt\":null,\"data\":{\"commandName\":\"App\\\\Jobs\\\\UsersRegistrationConfirmationMailJob\",\"command\":\"O:45:\\\"App\\\\Jobs\\\\UsersRegistrationConfirmationMailJob\\\":10:{s:8:\\\"username\\\";s:16:\\\"asdfsd@gmail.com\\\";s:8:\\\"password\\\";i:1234;s:3:\\\"job\\\";N;s:10:\\\"connection\\\";N;s:5:\\\"queue\\\";N;s:15:\\\"chainConnection\\\";N;s:10:\\\"chainQueue\\\";N;s:5:\\\"delay\\\";N;s:10:\\\"middleware\\\";a:0:{}s:7:\\\"chained\\\";a:0:{}}\"}}', 0, NULL, 1628309694, 1628309694),
(211, 'default', '{\"uuid\":\"f933a948-106f-4ade-8b07-238436bb398f\",\"displayName\":\"App\\\\Jobs\\\\UsersRegistrationConfirmationMailJob\",\"job\":\"Illuminate\\\\Queue\\\\CallQueuedHandler@call\",\"maxTries\":null,\"maxExceptions\":null,\"delay\":null,\"timeout\":null,\"timeoutAt\":null,\"data\":{\"commandName\":\"App\\\\Jobs\\\\UsersRegistrationConfirmationMailJob\",\"command\":\"O:45:\\\"App\\\\Jobs\\\\UsersRegistrationConfirmationMailJob\\\":10:{s:8:\\\"username\\\";s:17:\\\"sadfsda@gmail.com\\\";s:8:\\\"password\\\";i:1234;s:3:\\\"job\\\";N;s:10:\\\"connection\\\";N;s:5:\\\"queue\\\";N;s:15:\\\"chainConnection\\\";N;s:10:\\\"chainQueue\\\";N;s:5:\\\"delay\\\";N;s:10:\\\"middleware\\\";a:0:{}s:7:\\\"chained\\\";a:0:{}}\"}}', 0, NULL, 1628309762, 1628309762),
(212, 'default', '{\"uuid\":\"6e48281f-6672-4c27-b092-d763da707edd\",\"displayName\":\"App\\\\Jobs\\\\UsersRegistrationConfirmationMailJob\",\"job\":\"Illuminate\\\\Queue\\\\CallQueuedHandler@call\",\"maxTries\":null,\"maxExceptions\":null,\"delay\":null,\"timeout\":null,\"timeoutAt\":null,\"data\":{\"commandName\":\"App\\\\Jobs\\\\UsersRegistrationConfirmationMailJob\",\"command\":\"O:45:\\\"App\\\\Jobs\\\\UsersRegistrationConfirmationMailJob\\\":10:{s:8:\\\"username\\\";s:13:\\\"nam@gmail.com\\\";s:8:\\\"password\\\";i:1234;s:3:\\\"job\\\";N;s:10:\\\"connection\\\";N;s:5:\\\"queue\\\";N;s:15:\\\"chainConnection\\\";N;s:10:\\\"chainQueue\\\";N;s:5:\\\"delay\\\";N;s:10:\\\"middleware\\\";a:0:{}s:7:\\\"chained\\\";a:0:{}}\"}}', 0, NULL, 1628318108, 1628318108),
(213, 'default', '{\"uuid\":\"27f186b8-63fd-4708-9232-fac216d5f300\",\"displayName\":\"App\\\\Jobs\\\\UsersRegistrationConfirmationMailJob\",\"job\":\"Illuminate\\\\Queue\\\\CallQueuedHandler@call\",\"maxTries\":null,\"maxExceptions\":null,\"delay\":null,\"timeout\":null,\"timeoutAt\":null,\"data\":{\"commandName\":\"App\\\\Jobs\\\\UsersRegistrationConfirmationMailJob\",\"command\":\"O:45:\\\"App\\\\Jobs\\\\UsersRegistrationConfirmationMailJob\\\":10:{s:8:\\\"username\\\";s:16:\\\"mainss@gmail.com\\\";s:8:\\\"password\\\";i:1234;s:3:\\\"job\\\";N;s:10:\\\"connection\\\";N;s:5:\\\"queue\\\";N;s:15:\\\"chainConnection\\\";N;s:10:\\\"chainQueue\\\";N;s:5:\\\"delay\\\";N;s:10:\\\"middleware\\\";a:0:{}s:7:\\\"chained\\\";a:0:{}}\"}}', 0, NULL, 1628318621, 1628318621),
(215, 'default', '{\"uuid\":\"9467341c-cd64-4de0-8503-6f226ef4fc10\",\"displayName\":\"App\\\\Jobs\\\\UsersRegistrationConfirmationMailJob\",\"job\":\"Illuminate\\\\Queue\\\\CallQueuedHandler@call\",\"maxTries\":null,\"maxExceptions\":null,\"delay\":null,\"timeout\":null,\"timeoutAt\":null,\"data\":{\"commandName\":\"App\\\\Jobs\\\\UsersRegistrationConfirmationMailJob\",\"command\":\"O:45:\\\"App\\\\Jobs\\\\UsersRegistrationConfirmationMailJob\\\":10:{s:8:\\\"username\\\";s:13:\\\"new@gmail.com\\\";s:8:\\\"password\\\";i:1234;s:3:\\\"job\\\";N;s:10:\\\"connection\\\";N;s:5:\\\"queue\\\";N;s:15:\\\"chainConnection\\\";N;s:10:\\\"chainQueue\\\";N;s:5:\\\"delay\\\";N;s:10:\\\"middleware\\\";a:0:{}s:7:\\\"chained\\\";a:0:{}}\"}}', 0, NULL, 1628319294, 1628319294),
(216, 'default', '{\"uuid\":\"1d1dc537-1580-4e35-a0fc-4f9cd1198000\",\"displayName\":\"App\\\\Jobs\\\\UsersRegistrationConfirmationMailJob\",\"job\":\"Illuminate\\\\Queue\\\\CallQueuedHandler@call\",\"maxTries\":null,\"maxExceptions\":null,\"delay\":null,\"timeout\":null,\"timeoutAt\":null,\"data\":{\"commandName\":\"App\\\\Jobs\\\\UsersRegistrationConfirmationMailJob\",\"command\":\"O:45:\\\"App\\\\Jobs\\\\UsersRegistrationConfirmationMailJob\\\":10:{s:8:\\\"username\\\";s:15:\\\"fasdf@gmail.com\\\";s:8:\\\"password\\\";i:1234;s:3:\\\"job\\\";N;s:10:\\\"connection\\\";N;s:5:\\\"queue\\\";N;s:15:\\\"chainConnection\\\";N;s:10:\\\"chainQueue\\\";N;s:5:\\\"delay\\\";N;s:10:\\\"middleware\\\";a:0:{}s:7:\\\"chained\\\";a:0:{}}\"}}', 0, NULL, 1628319643, 1628319643),
(217, 'default', '{\"uuid\":\"7fc86e67-5d65-4cd4-8ae5-5504601df578\",\"displayName\":\"App\\\\Jobs\\\\UsersRegistrationConfirmationMailJob\",\"job\":\"Illuminate\\\\Queue\\\\CallQueuedHandler@call\",\"maxTries\":null,\"maxExceptions\":null,\"delay\":null,\"timeout\":null,\"timeoutAt\":null,\"data\":{\"commandName\":\"App\\\\Jobs\\\\UsersRegistrationConfirmationMailJob\",\"command\":\"O:45:\\\"App\\\\Jobs\\\\UsersRegistrationConfirmationMailJob\\\":10:{s:8:\\\"username\\\";s:17:\\\"dsafasd@gmail.com\\\";s:8:\\\"password\\\";i:1234;s:3:\\\"job\\\";N;s:10:\\\"connection\\\";N;s:5:\\\"queue\\\";N;s:15:\\\"chainConnection\\\";N;s:10:\\\"chainQueue\\\";N;s:5:\\\"delay\\\";N;s:10:\\\"middleware\\\";a:0:{}s:7:\\\"chained\\\";a:0:{}}\"}}', 0, NULL, 1628321224, 1628321224);
INSERT INTO `jobs` (`id`, `queue`, `payload`, `attempts`, `reserved_at`, `available_at`, `created_at`) VALUES
(218, 'default', '{\"uuid\":\"9d90c6e4-8ca9-454a-837c-16ecfbb6f27a\",\"displayName\":\"App\\\\Jobs\\\\UsersRegistrationConfirmationMailJob\",\"job\":\"Illuminate\\\\Queue\\\\CallQueuedHandler@call\",\"maxTries\":null,\"maxExceptions\":null,\"delay\":null,\"timeout\":null,\"timeoutAt\":null,\"data\":{\"commandName\":\"App\\\\Jobs\\\\UsersRegistrationConfirmationMailJob\",\"command\":\"O:45:\\\"App\\\\Jobs\\\\UsersRegistrationConfirmationMailJob\\\":10:{s:8:\\\"username\\\";s:13:\\\"new@gmail.com\\\";s:8:\\\"password\\\";i:1234;s:3:\\\"job\\\";N;s:10:\\\"connection\\\";N;s:5:\\\"queue\\\";N;s:15:\\\"chainConnection\\\";N;s:10:\\\"chainQueue\\\";N;s:5:\\\"delay\\\";N;s:10:\\\"middleware\\\";a:0:{}s:7:\\\"chained\\\";a:0:{}}\"}}', 0, NULL, 1628327569, 1628327569),
(219, 'default', '{\"uuid\":\"4c170e4b-0d4e-4fcb-8ac7-c9773cb10c6e\",\"displayName\":\"App\\\\Jobs\\\\UsersRegistrationConfirmationMailJob\",\"job\":\"Illuminate\\\\Queue\\\\CallQueuedHandler@call\",\"maxTries\":null,\"maxExceptions\":null,\"delay\":null,\"timeout\":null,\"timeoutAt\":null,\"data\":{\"commandName\":\"App\\\\Jobs\\\\UsersRegistrationConfirmationMailJob\",\"command\":\"O:45:\\\"App\\\\Jobs\\\\UsersRegistrationConfirmationMailJob\\\":10:{s:8:\\\"username\\\";s:15:\\\"peace@gmail.com\\\";s:8:\\\"password\\\";i:1234;s:3:\\\"job\\\";N;s:10:\\\"connection\\\";N;s:5:\\\"queue\\\";N;s:15:\\\"chainConnection\\\";N;s:10:\\\"chainQueue\\\";N;s:5:\\\"delay\\\";N;s:10:\\\"middleware\\\";a:0:{}s:7:\\\"chained\\\";a:0:{}}\"}}', 0, NULL, 1628327611, 1628327611),
(220, 'default', '{\"uuid\":\"a5db667e-8a6a-45e2-9222-2ac5c695adb1\",\"displayName\":\"App\\\\Jobs\\\\UsersRegistrationConfirmationMailJob\",\"job\":\"Illuminate\\\\Queue\\\\CallQueuedHandler@call\",\"maxTries\":null,\"maxExceptions\":null,\"delay\":null,\"timeout\":null,\"timeoutAt\":null,\"data\":{\"commandName\":\"App\\\\Jobs\\\\UsersRegistrationConfirmationMailJob\",\"command\":\"O:45:\\\"App\\\\Jobs\\\\UsersRegistrationConfirmationMailJob\\\":10:{s:8:\\\"username\\\";s:23:\\\"newsuperadmin@gmail.com\\\";s:8:\\\"password\\\";i:1234;s:3:\\\"job\\\";N;s:10:\\\"connection\\\";N;s:5:\\\"queue\\\";N;s:15:\\\"chainConnection\\\";N;s:10:\\\"chainQueue\\\";N;s:5:\\\"delay\\\";N;s:10:\\\"middleware\\\";a:0:{}s:7:\\\"chained\\\";a:0:{}}\"}}', 0, NULL, 1628327968, 1628327968),
(221, 'default', '{\"uuid\":\"a22b8733-9f02-420b-8bb9-5c040732cc47\",\"displayName\":\"App\\\\Jobs\\\\UsersRegistrationConfirmationMailJob\",\"job\":\"Illuminate\\\\Queue\\\\CallQueuedHandler@call\",\"maxTries\":null,\"maxExceptions\":null,\"delay\":null,\"timeout\":null,\"timeoutAt\":null,\"data\":{\"commandName\":\"App\\\\Jobs\\\\UsersRegistrationConfirmationMailJob\",\"command\":\"O:45:\\\"App\\\\Jobs\\\\UsersRegistrationConfirmationMailJob\\\":10:{s:8:\\\"username\\\";s:15:\\\"tuhin@gmail.com\\\";s:8:\\\"password\\\";i:1234;s:3:\\\"job\\\";N;s:10:\\\"connection\\\";N;s:5:\\\"queue\\\";N;s:15:\\\"chainConnection\\\";N;s:10:\\\"chainQueue\\\";N;s:5:\\\"delay\\\";N;s:10:\\\"middleware\\\";a:0:{}s:7:\\\"chained\\\";a:0:{}}\"}}', 0, NULL, 1628328033, 1628328033),
(222, 'default', '{\"uuid\":\"71be3947-81fb-4506-bf35-6d81ffa0ad3a\",\"displayName\":\"App\\\\Jobs\\\\UsersRegistrationConfirmationMailJob\",\"job\":\"Illuminate\\\\Queue\\\\CallQueuedHandler@call\",\"maxTries\":null,\"maxExceptions\":null,\"delay\":null,\"timeout\":null,\"timeoutAt\":null,\"data\":{\"commandName\":\"App\\\\Jobs\\\\UsersRegistrationConfirmationMailJob\",\"command\":\"O:45:\\\"App\\\\Jobs\\\\UsersRegistrationConfirmationMailJob\\\":10:{s:8:\\\"username\\\";s:15:\\\"nahid@gmail.com\\\";s:8:\\\"password\\\";i:1234;s:3:\\\"job\\\";N;s:10:\\\"connection\\\";N;s:5:\\\"queue\\\";N;s:15:\\\"chainConnection\\\";N;s:10:\\\"chainQueue\\\";N;s:5:\\\"delay\\\";N;s:10:\\\"middleware\\\";a:0:{}s:7:\\\"chained\\\";a:0:{}}\"}}', 0, NULL, 1628328176, 1628328176),
(223, 'default', '{\"uuid\":\"7758e5e0-db76-45a0-a78b-a1ea1bf20781\",\"displayName\":\"App\\\\Jobs\\\\UsersRegistrationConfirmationMailJob\",\"job\":\"Illuminate\\\\Queue\\\\CallQueuedHandler@call\",\"maxTries\":null,\"maxExceptions\":null,\"delay\":null,\"timeout\":null,\"timeoutAt\":null,\"data\":{\"commandName\":\"App\\\\Jobs\\\\UsersRegistrationConfirmationMailJob\",\"command\":\"O:45:\\\"App\\\\Jobs\\\\UsersRegistrationConfirmationMailJob\\\":10:{s:8:\\\"username\\\";s:15:\\\"nasif@gmail.com\\\";s:8:\\\"password\\\";i:1234;s:3:\\\"job\\\";N;s:10:\\\"connection\\\";N;s:5:\\\"queue\\\";N;s:15:\\\"chainConnection\\\";N;s:10:\\\"chainQueue\\\";N;s:5:\\\"delay\\\";N;s:10:\\\"middleware\\\";a:0:{}s:7:\\\"chained\\\";a:0:{}}\"}}', 0, NULL, 1628328389, 1628328389),
(224, 'default', '{\"uuid\":\"b5d69348-4c34-4ecd-ba5b-e0582338c60e\",\"displayName\":\"App\\\\Jobs\\\\UsersRegistrationConfirmationMailJob\",\"job\":\"Illuminate\\\\Queue\\\\CallQueuedHandler@call\",\"maxTries\":null,\"maxExceptions\":null,\"delay\":null,\"timeout\":null,\"timeoutAt\":null,\"data\":{\"commandName\":\"App\\\\Jobs\\\\UsersRegistrationConfirmationMailJob\",\"command\":\"O:45:\\\"App\\\\Jobs\\\\UsersRegistrationConfirmationMailJob\\\":10:{s:8:\\\"username\\\";s:14:\\\"runa@gmail.com\\\";s:8:\\\"password\\\";i:1234;s:3:\\\"job\\\";N;s:10:\\\"connection\\\";N;s:5:\\\"queue\\\";N;s:15:\\\"chainConnection\\\";N;s:10:\\\"chainQueue\\\";N;s:5:\\\"delay\\\";N;s:10:\\\"middleware\\\";a:0:{}s:7:\\\"chained\\\";a:0:{}}\"}}', 0, NULL, 1628328819, 1628328819),
(225, 'default', '{\"uuid\":\"272dde9f-6040-4cd6-a747-f844ed921832\",\"displayName\":\"App\\\\Jobs\\\\UsersRegistrationConfirmationMailJob\",\"job\":\"Illuminate\\\\Queue\\\\CallQueuedHandler@call\",\"maxTries\":null,\"maxExceptions\":null,\"delay\":null,\"timeout\":null,\"timeoutAt\":null,\"data\":{\"commandName\":\"App\\\\Jobs\\\\UsersRegistrationConfirmationMailJob\",\"command\":\"O:45:\\\"App\\\\Jobs\\\\UsersRegistrationConfirmationMailJob\\\":10:{s:8:\\\"username\\\";s:15:\\\"kobir@gmail.com\\\";s:8:\\\"password\\\";i:1234;s:3:\\\"job\\\";N;s:10:\\\"connection\\\";N;s:5:\\\"queue\\\";N;s:15:\\\"chainConnection\\\";N;s:10:\\\"chainQueue\\\";N;s:5:\\\"delay\\\";N;s:10:\\\"middleware\\\";a:0:{}s:7:\\\"chained\\\";a:0:{}}\"}}', 0, NULL, 1628328918, 1628328918),
(226, 'default', '{\"uuid\":\"15216605-2c32-47d4-a14c-49c9cbe8c8c9\",\"displayName\":\"App\\\\Jobs\\\\UsersRegistrationConfirmationMailJob\",\"job\":\"Illuminate\\\\Queue\\\\CallQueuedHandler@call\",\"maxTries\":null,\"maxExceptions\":null,\"delay\":null,\"timeout\":null,\"timeoutAt\":null,\"data\":{\"commandName\":\"App\\\\Jobs\\\\UsersRegistrationConfirmationMailJob\",\"command\":\"O:45:\\\"App\\\\Jobs\\\\UsersRegistrationConfirmationMailJob\\\":10:{s:8:\\\"username\\\";s:17:\\\"asdfdsa@gmail.com\\\";s:8:\\\"password\\\";i:1234;s:3:\\\"job\\\";N;s:10:\\\"connection\\\";N;s:5:\\\"queue\\\";N;s:15:\\\"chainConnection\\\";N;s:10:\\\"chainQueue\\\";N;s:5:\\\"delay\\\";N;s:10:\\\"middleware\\\";a:0:{}s:7:\\\"chained\\\";a:0:{}}\"}}', 0, NULL, 1628330883, 1628330883),
(227, 'default', '{\"uuid\":\"4225ca2e-9888-4096-9239-ac628efe2c80\",\"displayName\":\"App\\\\Jobs\\\\UsersRegistrationConfirmationMailJob\",\"job\":\"Illuminate\\\\Queue\\\\CallQueuedHandler@call\",\"maxTries\":null,\"maxExceptions\":null,\"delay\":null,\"timeout\":null,\"timeoutAt\":null,\"data\":{\"commandName\":\"App\\\\Jobs\\\\UsersRegistrationConfirmationMailJob\",\"command\":\"O:45:\\\"App\\\\Jobs\\\\UsersRegistrationConfirmationMailJob\\\":10:{s:8:\\\"username\\\";s:14:\\\"newd@gmail.com\\\";s:8:\\\"password\\\";i:1234;s:3:\\\"job\\\";N;s:10:\\\"connection\\\";N;s:5:\\\"queue\\\";N;s:15:\\\"chainConnection\\\";N;s:10:\\\"chainQueue\\\";N;s:5:\\\"delay\\\";N;s:10:\\\"middleware\\\";a:0:{}s:7:\\\"chained\\\";a:0:{}}\"}}', 0, NULL, 1628331386, 1628331386),
(228, 'default', '{\"uuid\":\"31cfff00-4b3a-48c5-8bbb-dfa4c9d4c7e3\",\"displayName\":\"App\\\\Jobs\\\\UsersRegistrationConfirmationMailJob\",\"job\":\"Illuminate\\\\Queue\\\\CallQueuedHandler@call\",\"maxTries\":null,\"maxExceptions\":null,\"delay\":null,\"timeout\":null,\"timeoutAt\":null,\"data\":{\"commandName\":\"App\\\\Jobs\\\\UsersRegistrationConfirmationMailJob\",\"command\":\"O:45:\\\"App\\\\Jobs\\\\UsersRegistrationConfirmationMailJob\\\":10:{s:8:\\\"username\\\";s:14:\\\"news@gmail.com\\\";s:8:\\\"password\\\";i:1234;s:3:\\\"job\\\";N;s:10:\\\"connection\\\";N;s:5:\\\"queue\\\";N;s:15:\\\"chainConnection\\\";N;s:10:\\\"chainQueue\\\";N;s:5:\\\"delay\\\";N;s:10:\\\"middleware\\\";a:0:{}s:7:\\\"chained\\\";a:0:{}}\"}}', 0, NULL, 1628331453, 1628331453),
(229, 'default', '{\"uuid\":\"caa98daf-c855-45c4-acc5-4924a6754d92\",\"displayName\":\"App\\\\Jobs\\\\UsersRegistrationConfirmationMailJob\",\"job\":\"Illuminate\\\\Queue\\\\CallQueuedHandler@call\",\"maxTries\":null,\"maxExceptions\":null,\"delay\":null,\"timeout\":null,\"timeoutAt\":null,\"data\":{\"commandName\":\"App\\\\Jobs\\\\UsersRegistrationConfirmationMailJob\",\"command\":\"O:45:\\\"App\\\\Jobs\\\\UsersRegistrationConfirmationMailJob\\\":10:{s:8:\\\"username\\\";s:17:\\\"asdfasd@gmail.com\\\";s:8:\\\"password\\\";i:1234;s:3:\\\"job\\\";N;s:10:\\\"connection\\\";N;s:5:\\\"queue\\\";N;s:15:\\\"chainConnection\\\";N;s:10:\\\"chainQueue\\\";N;s:5:\\\"delay\\\";N;s:10:\\\"middleware\\\";a:0:{}s:7:\\\"chained\\\";a:0:{}}\"}}', 0, NULL, 1628332082, 1628332082),
(230, 'default', '{\"uuid\":\"2580dbf6-7f58-482b-b484-60d8551b88a6\",\"displayName\":\"App\\\\Jobs\\\\UsersRegistrationConfirmationMailJob\",\"job\":\"Illuminate\\\\Queue\\\\CallQueuedHandler@call\",\"maxTries\":null,\"maxExceptions\":null,\"delay\":null,\"timeout\":null,\"timeoutAt\":null,\"data\":{\"commandName\":\"App\\\\Jobs\\\\UsersRegistrationConfirmationMailJob\",\"command\":\"O:45:\\\"App\\\\Jobs\\\\UsersRegistrationConfirmationMailJob\\\":10:{s:8:\\\"username\\\";s:16:\\\"asdffs@gmail.com\\\";s:8:\\\"password\\\";i:1234;s:3:\\\"job\\\";N;s:10:\\\"connection\\\";N;s:5:\\\"queue\\\";N;s:15:\\\"chainConnection\\\";N;s:10:\\\"chainQueue\\\";N;s:5:\\\"delay\\\";N;s:10:\\\"middleware\\\";a:0:{}s:7:\\\"chained\\\";a:0:{}}\"}}', 0, NULL, 1628332121, 1628332121),
(231, 'default', '{\"uuid\":\"2f2db3b8-112a-44fc-9b08-a5af4f307a4a\",\"displayName\":\"App\\\\Jobs\\\\UsersRegistrationConfirmationMailJob\",\"job\":\"Illuminate\\\\Queue\\\\CallQueuedHandler@call\",\"maxTries\":null,\"maxExceptions\":null,\"delay\":null,\"timeout\":null,\"timeoutAt\":null,\"data\":{\"commandName\":\"App\\\\Jobs\\\\UsersRegistrationConfirmationMailJob\",\"command\":\"O:45:\\\"App\\\\Jobs\\\\UsersRegistrationConfirmationMailJob\\\":10:{s:8:\\\"username\\\";s:18:\\\"asdfasdd@gmail.com\\\";s:8:\\\"password\\\";i:1234;s:3:\\\"job\\\";N;s:10:\\\"connection\\\";N;s:5:\\\"queue\\\";N;s:15:\\\"chainConnection\\\";N;s:10:\\\"chainQueue\\\";N;s:5:\\\"delay\\\";N;s:10:\\\"middleware\\\";a:0:{}s:7:\\\"chained\\\";a:0:{}}\"}}', 0, NULL, 1628332183, 1628332183),
(232, 'default', '{\"uuid\":\"e2299b14-2f15-4684-9f47-deaa58c9b672\",\"displayName\":\"App\\\\Jobs\\\\UsersRegistrationConfirmationMailJob\",\"job\":\"Illuminate\\\\Queue\\\\CallQueuedHandler@call\",\"maxTries\":null,\"maxExceptions\":null,\"delay\":null,\"timeout\":null,\"timeoutAt\":null,\"data\":{\"commandName\":\"App\\\\Jobs\\\\UsersRegistrationConfirmationMailJob\",\"command\":\"O:45:\\\"App\\\\Jobs\\\\UsersRegistrationConfirmationMailJob\\\":10:{s:8:\\\"username\\\";s:16:\\\"nsldf@gtmail.com\\\";s:8:\\\"password\\\";i:1234;s:3:\\\"job\\\";N;s:10:\\\"connection\\\";N;s:5:\\\"queue\\\";N;s:15:\\\"chainConnection\\\";N;s:10:\\\"chainQueue\\\";N;s:5:\\\"delay\\\";N;s:10:\\\"middleware\\\";a:0:{}s:7:\\\"chained\\\";a:0:{}}\"}}', 0, NULL, 1628332694, 1628332694),
(233, 'default', '{\"uuid\":\"3e5ca98b-8742-428b-a3db-a3ec93f3ab03\",\"displayName\":\"App\\\\Jobs\\\\UsersRegistrationConfirmationMailJob\",\"job\":\"Illuminate\\\\Queue\\\\CallQueuedHandler@call\",\"maxTries\":null,\"maxExceptions\":null,\"delay\":null,\"timeout\":null,\"timeoutAt\":null,\"data\":{\"commandName\":\"App\\\\Jobs\\\\UsersRegistrationConfirmationMailJob\",\"command\":\"O:45:\\\"App\\\\Jobs\\\\UsersRegistrationConfirmationMailJob\\\":10:{s:8:\\\"username\\\";s:15:\\\"razib@gmail.com\\\";s:8:\\\"password\\\";i:1234;s:3:\\\"job\\\";N;s:10:\\\"connection\\\";N;s:5:\\\"queue\\\";N;s:15:\\\"chainConnection\\\";N;s:10:\\\"chainQueue\\\";N;s:5:\\\"delay\\\";N;s:10:\\\"middleware\\\";a:0:{}s:7:\\\"chained\\\";a:0:{}}\"}}', 0, NULL, 1628332742, 1628332742),
(234, 'default', '{\"uuid\":\"3fbc4b0f-226b-4377-964e-0293bb85a34b\",\"displayName\":\"App\\\\Jobs\\\\UsersRegistrationConfirmationMailJob\",\"job\":\"Illuminate\\\\Queue\\\\CallQueuedHandler@call\",\"maxTries\":null,\"maxExceptions\":null,\"delay\":null,\"timeout\":null,\"timeoutAt\":null,\"data\":{\"commandName\":\"App\\\\Jobs\\\\UsersRegistrationConfirmationMailJob\",\"command\":\"O:45:\\\"App\\\\Jobs\\\\UsersRegistrationConfirmationMailJob\\\":10:{s:8:\\\"username\\\";s:13:\\\"raz@gmail.com\\\";s:8:\\\"password\\\";i:1234;s:3:\\\"job\\\";N;s:10:\\\"connection\\\";N;s:5:\\\"queue\\\";N;s:15:\\\"chainConnection\\\";N;s:10:\\\"chainQueue\\\";N;s:5:\\\"delay\\\";N;s:10:\\\"middleware\\\";a:0:{}s:7:\\\"chained\\\";a:0:{}}\"}}', 0, NULL, 1628332916, 1628332916),
(235, 'default', '{\"uuid\":\"f56ef7a0-dbd7-410a-8d90-3a18c00f6ce8\",\"displayName\":\"App\\\\Jobs\\\\UsersRegistrationConfirmationMailJob\",\"job\":\"Illuminate\\\\Queue\\\\CallQueuedHandler@call\",\"maxTries\":null,\"maxExceptions\":null,\"delay\":null,\"timeout\":null,\"timeoutAt\":null,\"data\":{\"commandName\":\"App\\\\Jobs\\\\UsersRegistrationConfirmationMailJob\",\"command\":\"O:45:\\\"App\\\\Jobs\\\\UsersRegistrationConfirmationMailJob\\\":10:{s:8:\\\"username\\\";s:20:\\\"mohmmadpur@gmail.com\\\";s:8:\\\"password\\\";i:1234;s:3:\\\"job\\\";N;s:10:\\\"connection\\\";N;s:5:\\\"queue\\\";N;s:15:\\\"chainConnection\\\";N;s:10:\\\"chainQueue\\\";N;s:5:\\\"delay\\\";N;s:10:\\\"middleware\\\";a:0:{}s:7:\\\"chained\\\";a:0:{}}\"}}', 0, NULL, 1628334229, 1628334229),
(236, 'default', '{\"uuid\":\"6d54fb5a-946b-448a-926a-db57c77811e2\",\"displayName\":\"App\\\\Jobs\\\\UsersRegistrationConfirmationMailJob\",\"job\":\"Illuminate\\\\Queue\\\\CallQueuedHandler@call\",\"maxTries\":null,\"maxExceptions\":null,\"delay\":null,\"timeout\":null,\"timeoutAt\":null,\"data\":{\"commandName\":\"App\\\\Jobs\\\\UsersRegistrationConfirmationMailJob\",\"command\":\"O:45:\\\"App\\\\Jobs\\\\UsersRegistrationConfirmationMailJob\\\":10:{s:8:\\\"username\\\";s:14:\\\"boys@gmail.com\\\";s:8:\\\"password\\\";i:1234;s:3:\\\"job\\\";N;s:10:\\\"connection\\\";N;s:5:\\\"queue\\\";N;s:15:\\\"chainConnection\\\";N;s:10:\\\"chainQueue\\\";N;s:5:\\\"delay\\\";N;s:10:\\\"middleware\\\";a:0:{}s:7:\\\"chained\\\";a:0:{}}\"}}', 0, NULL, 1628334287, 1628334287),
(237, 'default', '{\"uuid\":\"7566e623-f582-4a7d-8269-81e43a1fc89d\",\"displayName\":\"App\\\\Jobs\\\\UsersRegistrationConfirmationMailJob\",\"job\":\"Illuminate\\\\Queue\\\\CallQueuedHandler@call\",\"maxTries\":null,\"maxExceptions\":null,\"delay\":null,\"timeout\":null,\"timeoutAt\":null,\"data\":{\"commandName\":\"App\\\\Jobs\\\\UsersRegistrationConfirmationMailJob\",\"command\":\"O:45:\\\"App\\\\Jobs\\\\UsersRegistrationConfirmationMailJob\\\":10:{s:8:\\\"username\\\";s:15:\\\"fahim@gmail.com\\\";s:8:\\\"password\\\";i:1234;s:3:\\\"job\\\";N;s:10:\\\"connection\\\";N;s:5:\\\"queue\\\";N;s:15:\\\"chainConnection\\\";N;s:10:\\\"chainQueue\\\";N;s:5:\\\"delay\\\";N;s:10:\\\"middleware\\\";a:0:{}s:7:\\\"chained\\\";a:0:{}}\"}}', 0, NULL, 1628334330, 1628334330),
(238, 'default', '{\"uuid\":\"390a461b-087e-4bc0-b9f1-363e8c78d204\",\"displayName\":\"App\\\\Jobs\\\\UsersRegistrationConfirmationMailJob\",\"job\":\"Illuminate\\\\Queue\\\\CallQueuedHandler@call\",\"maxTries\":null,\"maxExceptions\":null,\"delay\":null,\"timeout\":null,\"timeoutAt\":null,\"data\":{\"commandName\":\"App\\\\Jobs\\\\UsersRegistrationConfirmationMailJob\",\"command\":\"O:45:\\\"App\\\\Jobs\\\\UsersRegistrationConfirmationMailJob\\\":10:{s:8:\\\"username\\\";s:16:\\\"bengol@gmail.com\\\";s:8:\\\"password\\\";i:1234;s:3:\\\"job\\\";N;s:10:\\\"connection\\\";N;s:5:\\\"queue\\\";N;s:15:\\\"chainConnection\\\";N;s:10:\\\"chainQueue\\\";N;s:5:\\\"delay\\\";N;s:10:\\\"middleware\\\";a:0:{}s:7:\\\"chained\\\";a:0:{}}\"}}', 0, NULL, 1628334381, 1628334381),
(239, 'default', '{\"uuid\":\"bce3f1cb-6abe-4baf-96ac-6c77fd31a471\",\"displayName\":\"App\\\\Jobs\\\\UsersRegistrationConfirmationMailJob\",\"job\":\"Illuminate\\\\Queue\\\\CallQueuedHandler@call\",\"maxTries\":null,\"maxExceptions\":null,\"delay\":null,\"timeout\":null,\"timeoutAt\":null,\"data\":{\"commandName\":\"App\\\\Jobs\\\\UsersRegistrationConfirmationMailJob\",\"command\":\"O:45:\\\"App\\\\Jobs\\\\UsersRegistrationConfirmationMailJob\\\":10:{s:8:\\\"username\\\";s:15:\\\"rocky@gmail.com\\\";s:8:\\\"password\\\";i:1234;s:3:\\\"job\\\";N;s:10:\\\"connection\\\";N;s:5:\\\"queue\\\";N;s:15:\\\"chainConnection\\\";N;s:10:\\\"chainQueue\\\";N;s:5:\\\"delay\\\";N;s:10:\\\"middleware\\\";a:0:{}s:7:\\\"chained\\\";a:0:{}}\"}}', 0, NULL, 1628334437, 1628334437),
(240, 'default', '{\"uuid\":\"75f6516f-735d-4681-8b0f-08022f1006fc\",\"displayName\":\"App\\\\Jobs\\\\UsersRegistrationConfirmationMailJob\",\"job\":\"Illuminate\\\\Queue\\\\CallQueuedHandler@call\",\"maxTries\":null,\"maxExceptions\":null,\"delay\":null,\"timeout\":null,\"timeoutAt\":null,\"data\":{\"commandName\":\"App\\\\Jobs\\\\UsersRegistrationConfirmationMailJob\",\"command\":\"O:45:\\\"App\\\\Jobs\\\\UsersRegistrationConfirmationMailJob\\\":10:{s:8:\\\"username\\\";s:15:\\\"hamid@gmail.com\\\";s:8:\\\"password\\\";i:1234;s:3:\\\"job\\\";N;s:10:\\\"connection\\\";N;s:5:\\\"queue\\\";N;s:15:\\\"chainConnection\\\";N;s:10:\\\"chainQueue\\\";N;s:5:\\\"delay\\\";N;s:10:\\\"middleware\\\";a:0:{}s:7:\\\"chained\\\";a:0:{}}\"}}', 0, NULL, 1628334508, 1628334508),
(241, 'default', '{\"uuid\":\"f93aa06a-bfd9-49c4-bd87-a271ca7cc4f8\",\"displayName\":\"App\\\\Jobs\\\\UsersRegistrationConfirmationMailJob\",\"job\":\"Illuminate\\\\Queue\\\\CallQueuedHandler@call\",\"maxTries\":null,\"maxExceptions\":null,\"delay\":null,\"timeout\":null,\"timeoutAt\":null,\"data\":{\"commandName\":\"App\\\\Jobs\\\\UsersRegistrationConfirmationMailJob\",\"command\":\"O:45:\\\"App\\\\Jobs\\\\UsersRegistrationConfirmationMailJob\\\":10:{s:8:\\\"username\\\";s:14:\\\"asdf@gmail.com\\\";s:8:\\\"password\\\";i:1234;s:3:\\\"job\\\";N;s:10:\\\"connection\\\";N;s:5:\\\"queue\\\";N;s:15:\\\"chainConnection\\\";N;s:10:\\\"chainQueue\\\";N;s:5:\\\"delay\\\";N;s:10:\\\"middleware\\\";a:0:{}s:7:\\\"chained\\\";a:0:{}}\"}}', 0, NULL, 1628334546, 1628334546),
(242, 'default', '{\"uuid\":\"1ff8a52c-8cf8-4f03-ad92-519631ad7677\",\"displayName\":\"App\\\\Jobs\\\\UsersRegistrationConfirmationMailJob\",\"job\":\"Illuminate\\\\Queue\\\\CallQueuedHandler@call\",\"maxTries\":null,\"maxExceptions\":null,\"delay\":null,\"timeout\":null,\"timeoutAt\":null,\"data\":{\"commandName\":\"App\\\\Jobs\\\\UsersRegistrationConfirmationMailJob\",\"command\":\"O:45:\\\"App\\\\Jobs\\\\UsersRegistrationConfirmationMailJob\\\":10:{s:8:\\\"username\\\";s:13:\\\"new@gmail.com\\\";s:8:\\\"password\\\";i:1234;s:3:\\\"job\\\";N;s:10:\\\"connection\\\";N;s:5:\\\"queue\\\";N;s:15:\\\"chainConnection\\\";N;s:10:\\\"chainQueue\\\";N;s:5:\\\"delay\\\";N;s:10:\\\"middleware\\\";a:0:{}s:7:\\\"chained\\\";a:0:{}}\"}}', 0, NULL, 1628334625, 1628334625),
(243, 'default', '{\"uuid\":\"13683b63-4d35-45bd-882b-78e24298aefd\",\"displayName\":\"App\\\\Jobs\\\\UsersRegistrationConfirmationMailJob\",\"job\":\"Illuminate\\\\Queue\\\\CallQueuedHandler@call\",\"maxTries\":null,\"maxExceptions\":null,\"delay\":null,\"timeout\":null,\"timeoutAt\":null,\"data\":{\"commandName\":\"App\\\\Jobs\\\\UsersRegistrationConfirmationMailJob\",\"command\":\"O:45:\\\"App\\\\Jobs\\\\UsersRegistrationConfirmationMailJob\\\":10:{s:8:\\\"username\\\";s:15:\\\"kamal@gmail.com\\\";s:8:\\\"password\\\";i:1234;s:3:\\\"job\\\";N;s:10:\\\"connection\\\";N;s:5:\\\"queue\\\";N;s:15:\\\"chainConnection\\\";N;s:10:\\\"chainQueue\\\";N;s:5:\\\"delay\\\";N;s:10:\\\"middleware\\\";a:0:{}s:7:\\\"chained\\\";a:0:{}}\"}}', 0, NULL, 1628334719, 1628334719),
(244, 'default', '{\"uuid\":\"5bb58d9f-9d1c-49f4-9703-728314cd92c0\",\"displayName\":\"App\\\\Jobs\\\\UsersRegistrationConfirmationMailJob\",\"job\":\"Illuminate\\\\Queue\\\\CallQueuedHandler@call\",\"maxTries\":null,\"maxExceptions\":null,\"delay\":null,\"timeout\":null,\"timeoutAt\":null,\"data\":{\"commandName\":\"App\\\\Jobs\\\\UsersRegistrationConfirmationMailJob\",\"command\":\"O:45:\\\"App\\\\Jobs\\\\UsersRegistrationConfirmationMailJob\\\":10:{s:8:\\\"username\\\";s:18:\\\"dsalkfjl@gmail.com\\\";s:8:\\\"password\\\";i:1234;s:3:\\\"job\\\";N;s:10:\\\"connection\\\";N;s:5:\\\"queue\\\";N;s:15:\\\"chainConnection\\\";N;s:10:\\\"chainQueue\\\";N;s:5:\\\"delay\\\";N;s:10:\\\"middleware\\\";a:0:{}s:7:\\\"chained\\\";a:0:{}}\"}}', 0, NULL, 1628334777, 1628334777);

-- --------------------------------------------------------

--
-- Table structure for table `menus`
--

CREATE TABLE `menus` (
  `id` bigint(20) NOT NULL,
  `module_name` varchar(255) COLLATE utf8mb4_unicode_ci NOT NULL,
  `menu_title` varchar(255) COLLATE utf8mb4_unicode_ci NOT NULL,
  `menu_url` varchar(255) COLLATE utf8mb4_unicode_ci NOT NULL,
  `parent_id` bigint(20) NOT NULL DEFAULT 0 COMMENT 'value:0 if the menu is itself a parent otherwise anyother parent id',
  `serial_no` int(11) DEFAULT NULL,
  `menu_icon_class` varchar(255) COLLATE utf8mb4_unicode_ci DEFAULT NULL,
  `status` tinyint(4) NOT NULL DEFAULT 1 COMMENT '1:active,0:in-active',
  `created_at` timestamp NULL DEFAULT NULL,
  `updated_at` timestamp NULL DEFAULT NULL
) ENGINE=InnoDB DEFAULT CHARSET=utf8mb4 COLLATE=utf8mb4_unicode_ci;

--
-- Dumping data for table `menus`
--

INSERT INTO `menus` (`id`, `module_name`, `menu_title`, `menu_url`, `parent_id`, `serial_no`, `menu_icon_class`, `status`, `created_at`, `updated_at`) VALUES
(4, 'Users', 'Users', '', 0, 6, 'pe-7s-users', 1, NULL, NULL),
(5, 'Users', 'Super Admin', 'user/admin/admin-user-management?type=Admin', 4, 1, NULL, 1, NULL, NULL),
(6, 'Users', 'School Admin', 'user/admin/admin-user-management?type=School', 4, 2, NULL, 1, NULL, NULL),
(7, 'Cpanel', 'Control Panel', '', 0, 8, 'pe-7s-tools', 1, NULL, NULL),
(8, 'Settings', 'General Setting', 'settings/general/general-setting', 11, 1, NULL, 1, NULL, NULL),
(9, 'Cpanel', 'Menus/Moduls', 'cp/module/manage-module', 7, 2, NULL, 1, NULL, NULL),
(10, 'Cpanel', 'Actions', 'cp/web-action/web-action-management', 7, 3, NULL, 1, NULL, NULL),
(11, 'Settings', 'Settings', '', 0, 7, 'pe-7s-settings', 1, NULL, NULL),
(14, 'Settings', 'User Groups', 'settings/admin/admin-group-management', 11, 2, NULL, 1, '2020-04-10 04:58:01', '2020-04-10 04:58:01'),
(39, 'Settings', 'Schools', 'settings/school', 11, NULL, NULL, 1, '2021-07-18 23:38:48', '2021-08-02 00:52:46'),
(41, 'Users', 'School Admins', 'school/admin', 4, NULL, NULL, 1, '2021-07-24 19:00:53', '2021-08-02 01:19:47'),
(42, 'Academic', 'Academic', '', 0, NULL, 'pe-7s-study', 1, '2021-08-01 00:58:41', '2021-08-01 00:58:41'),
(43, 'Academic', 'Students', 'school/student', 42, NULL, NULL, 1, '2021-08-01 01:01:37', '2021-08-02 23:14:56'),
(44, 'Academic', 'Teachers', 'school/teacher', 42, NULL, NULL, 1, '2021-08-01 01:07:16', '2021-08-02 23:15:06');

-- --------------------------------------------------------

--
-- Table structure for table `migrations`
--

CREATE TABLE `migrations` (
  `id` int(10) UNSIGNED NOT NULL,
  `migration` varchar(255) COLLATE utf8mb4_unicode_ci NOT NULL,
  `batch` int(11) NOT NULL
) ENGINE=InnoDB DEFAULT CHARSET=utf8mb4 COLLATE=utf8mb4_unicode_ci;

--
-- Dumping data for table `migrations`
--

INSERT INTO `migrations` (`id`, `migration`, `batch`) VALUES
(8, '2016_06_01_000001_create_oauth_auth_codes_table', 8),
(9, '2016_06_01_000002_create_oauth_access_tokens_table', 8),
(10, '2016_06_01_000003_create_oauth_refresh_tokens_table', 8),
(11, '2016_06_01_000004_create_oauth_clients_table', 8),
(12, '2016_06_01_000005_create_oauth_personal_access_clients_table', 8),
(30, '2021_07_19_062808_create_schools_table', 9),
(31, '2021_07_28_052824_create_jobs_table', 10),
(38, '2021_08_01_071434_create_students_table', 12),
(40, '2021_08_01_072240_create_teachers_table', 13);

-- --------------------------------------------------------

--
-- Table structure for table `notifications`
--

CREATE TABLE `notifications` (
  `id` char(36) COLLATE utf8mb4_unicode_ci NOT NULL,
  `type` varchar(255) COLLATE utf8mb4_unicode_ci NOT NULL,
  `notifiable_type` varchar(255) COLLATE utf8mb4_unicode_ci NOT NULL,
  `notifiable_id` bigint(20) UNSIGNED NOT NULL,
  `data` text COLLATE utf8mb4_unicode_ci NOT NULL,
  `read_at` timestamp NULL DEFAULT NULL,
  `created_at` timestamp NULL DEFAULT NULL,
  `updated_at` timestamp NULL DEFAULT NULL
) ENGINE=InnoDB DEFAULT CHARSET=utf8mb4 COLLATE=utf8mb4_unicode_ci;

-- --------------------------------------------------------

--
-- Table structure for table `oauth_access_tokens`
--

CREATE TABLE `oauth_access_tokens` (
  `id` varchar(100) COLLATE utf8mb4_unicode_ci NOT NULL,
  `user_id` bigint(20) UNSIGNED DEFAULT NULL,
  `client_id` bigint(20) UNSIGNED NOT NULL,
  `name` varchar(255) COLLATE utf8mb4_unicode_ci DEFAULT NULL,
  `scopes` text COLLATE utf8mb4_unicode_ci DEFAULT NULL,
  `revoked` tinyint(1) NOT NULL,
  `created_at` timestamp NULL DEFAULT NULL,
  `updated_at` timestamp NULL DEFAULT NULL,
  `expires_at` datetime DEFAULT NULL
) ENGINE=InnoDB DEFAULT CHARSET=utf8mb4 COLLATE=utf8mb4_unicode_ci;

-- --------------------------------------------------------

--
-- Table structure for table `oauth_auth_codes`
--

CREATE TABLE `oauth_auth_codes` (
  `id` varchar(100) COLLATE utf8mb4_unicode_ci NOT NULL,
  `user_id` bigint(20) UNSIGNED NOT NULL,
  `client_id` bigint(20) UNSIGNED NOT NULL,
  `scopes` text COLLATE utf8mb4_unicode_ci DEFAULT NULL,
  `revoked` tinyint(1) NOT NULL,
  `expires_at` datetime DEFAULT NULL
) ENGINE=InnoDB DEFAULT CHARSET=utf8mb4 COLLATE=utf8mb4_unicode_ci;

-- --------------------------------------------------------

--
-- Table structure for table `oauth_clients`
--

CREATE TABLE `oauth_clients` (
  `id` bigint(20) UNSIGNED NOT NULL,
  `user_id` bigint(20) UNSIGNED DEFAULT NULL,
  `name` varchar(255) COLLATE utf8mb4_unicode_ci NOT NULL,
  `secret` varchar(100) COLLATE utf8mb4_unicode_ci DEFAULT NULL,
  `redirect` text COLLATE utf8mb4_unicode_ci NOT NULL,
  `personal_access_client` tinyint(1) NOT NULL,
  `password_client` tinyint(1) NOT NULL,
  `revoked` tinyint(1) NOT NULL,
  `created_at` timestamp NULL DEFAULT NULL,
  `updated_at` timestamp NULL DEFAULT NULL
) ENGINE=InnoDB DEFAULT CHARSET=utf8mb4 COLLATE=utf8mb4_unicode_ci;

-- --------------------------------------------------------

--
-- Table structure for table `oauth_personal_access_clients`
--

CREATE TABLE `oauth_personal_access_clients` (
  `id` bigint(20) UNSIGNED NOT NULL,
  `client_id` bigint(20) UNSIGNED NOT NULL,
  `created_at` timestamp NULL DEFAULT NULL,
  `updated_at` timestamp NULL DEFAULT NULL
) ENGINE=InnoDB DEFAULT CHARSET=utf8mb4 COLLATE=utf8mb4_unicode_ci;

-- --------------------------------------------------------

--
-- Table structure for table `oauth_refresh_tokens`
--

CREATE TABLE `oauth_refresh_tokens` (
  `id` varchar(100) COLLATE utf8mb4_unicode_ci NOT NULL,
  `access_token_id` varchar(100) COLLATE utf8mb4_unicode_ci NOT NULL,
  `revoked` tinyint(1) NOT NULL,
  `expires_at` datetime DEFAULT NULL
) ENGINE=InnoDB DEFAULT CHARSET=utf8mb4 COLLATE=utf8mb4_unicode_ci;

-- --------------------------------------------------------

--
-- Table structure for table `schools`
--

CREATE TABLE `schools` (
  `id` int(10) UNSIGNED NOT NULL,
  `name` varchar(255) COLLATE utf8mb4_unicode_ci NOT NULL,
  `address` text COLLATE utf8mb4_unicode_ci DEFAULT NULL,
  `email` varchar(255) COLLATE utf8mb4_unicode_ci NOT NULL,
  `contact_no` varchar(255) COLLATE utf8mb4_unicode_ci NOT NULL,
  `principle_name` varchar(255) COLLATE utf8mb4_unicode_ci NOT NULL,
  `principle_contact_no` varchar(255) COLLATE utf8mb4_unicode_ci DEFAULT NULL,
  `reference_person` varchar(255) COLLATE utf8mb4_unicode_ci NOT NULL,
  `reference_contact_no` varchar(255) COLLATE utf8mb4_unicode_ci NOT NULL,
  `registration_date` date NOT NULL,
  `valid_till` date DEFAULT NULL,
  `remarks` text COLLATE utf8mb4_unicode_ci DEFAULT NULL,
  `status` enum('Active','Inactive') COLLATE utf8mb4_unicode_ci NOT NULL DEFAULT 'Active',
  `created_at` timestamp NULL DEFAULT NULL,
  `updated_at` timestamp NULL DEFAULT NULL
) ENGINE=InnoDB DEFAULT CHARSET=utf8mb4 COLLATE=utf8mb4_unicode_ci;

--
-- Dumping data for table `schools`
--

INSERT INTO `schools` (`id`, `name`, `address`, `email`, `contact_no`, `principle_name`, `principle_contact_no`, `reference_person`, `reference_contact_no`, `registration_date`, `valid_till`, `remarks`, `status`, `created_at`, `updated_at`) VALUES
(159, 'Mohammadpur Boys', 'Dhaka', 'mohmmadpur@gmail.com', '02528588', 'Khan', '02585', 'Kobir', '0255855', '2021-08-04', '2021-08-03', 'sdafads', 'Active', '2021-08-07 05:03:48', '2021-08-07 05:04:05'),
(160, 'Bengol Medium', 'Dhaka', 'bengol@gmail.com', '05255', 'Robin', '0555855', 'Rasel', '2552021', '2021-08-03', NULL, NULL, 'Active', '2021-08-07 05:06:21', '2021-08-07 05:06:21');

-- --------------------------------------------------------

--
-- Table structure for table `settings`
--

CREATE TABLE `settings` (
  `id` bigint(20) UNSIGNED NOT NULL,
  `company_name` varchar(255) COLLATE utf8mb4_unicode_ci NOT NULL,
  `short_name` varchar(255) COLLATE utf8mb4_unicode_ci NOT NULL,
  `site_name` varchar(255) COLLATE utf8mb4_unicode_ci NOT NULL,
  `admin_email` varchar(255) COLLATE utf8mb4_unicode_ci NOT NULL,
  `admin_mobile` varchar(255) COLLATE utf8mb4_unicode_ci NOT NULL,
  `site_url` varchar(255) COLLATE utf8mb4_unicode_ci DEFAULT NULL,
  `admin_url` varchar(255) COLLATE utf8mb4_unicode_ci DEFAULT NULL,
  `logo` varchar(255) COLLATE utf8mb4_unicode_ci DEFAULT NULL,
  `address` varchar(255) COLLATE utf8mb4_unicode_ci DEFAULT NULL,
  `created_at` timestamp NULL DEFAULT NULL,
  `updated_at` timestamp NULL DEFAULT NULL
) ENGINE=InnoDB DEFAULT CHARSET=utf8mb4 COLLATE=utf8mb4_unicode_ci;

--
-- Dumping data for table `settings`
--

INSERT INTO `settings` (`id`, `company_name`, `short_name`, `site_name`, `admin_email`, `admin_mobile`, `site_url`, `admin_url`, `logo`, `address`, `created_at`, `updated_at`) VALUES
(1, 'Ace Learning', 'AceLearning', 'Ace Learning', 'admin@ace-learning.com', '45455', NULL, NULL, 'ace-logo.png', 'sdfsd f, sdf sdf', NULL, '2021-07-14 03:53:27');

-- --------------------------------------------------------

--
-- Table structure for table `students`
--

CREATE TABLE `students` (
  `id` int(10) UNSIGNED NOT NULL,
  `student_id` varchar(255) COLLATE utf8mb4_unicode_ci NOT NULL,
  `address` text COLLATE utf8mb4_unicode_ci NOT NULL,
  `email` varchar(255) COLLATE utf8mb4_unicode_ci NOT NULL,
  `contact_no` varchar(255) COLLATE utf8mb4_unicode_ci NOT NULL,
  `first_name` varchar(255) COLLATE utf8mb4_unicode_ci NOT NULL,
  `middle_name` varchar(255) COLLATE utf8mb4_unicode_ci DEFAULT NULL,
  `last_name` varchar(255) COLLATE utf8mb4_unicode_ci DEFAULT NULL,
  `dob` date NOT NULL,
  `gender` enum('Male','Female','She-Male') COLLATE utf8mb4_unicode_ci NOT NULL DEFAULT 'Male',
  `parent_name` varchar(255) COLLATE utf8mb4_unicode_ci NOT NULL,
  `parent_contact_no` varchar(255) COLLATE utf8mb4_unicode_ci NOT NULL,
  `parent_email` varchar(255) COLLATE utf8mb4_unicode_ci NOT NULL,
  `remarks` text COLLATE utf8mb4_unicode_ci DEFAULT NULL,
  `status` enum('Active','Inactive') COLLATE utf8mb4_unicode_ci NOT NULL DEFAULT 'Active',
  `school_id` varchar(255) COLLATE utf8mb4_unicode_ci NOT NULL,
  `created_at` timestamp NULL DEFAULT NULL,
  `updated_at` timestamp NULL DEFAULT NULL
) ENGINE=InnoDB DEFAULT CHARSET=utf8mb4 COLLATE=utf8mb4_unicode_ci;

--
-- Dumping data for table `students`
--

INSERT INTO `students` (`id`, `student_id`, `address`, `email`, `contact_no`, `first_name`, `middle_name`, `last_name`, `dob`, `gender`, `parent_name`, `parent_contact_no`, `parent_email`, `remarks`, `status`, `school_id`, `created_at`, `updated_at`) VALUES
(7, '01', 'sadf', 'hamid@gmail.com', '12345', 'fasdf', 'sdaf', NULL, '2021-08-26', 'Male', 'asdfa', '5255', 'pa@gmail.com', NULL, 'Active', '160', '2021-08-07 05:08:28', '2021-08-07 05:08:28'),
(8, '01', 'sadf', 'kamal@gmail.com', '0225', 'asdf', 'sadf', NULL, '2021-08-11', 'Female', 'sdaf', '00055441', 'dsafasd@gmail.com', NULL, 'Active', '159', '2021-08-07 05:11:59', '2021-08-07 05:25:23');

-- --------------------------------------------------------

--
-- Table structure for table `teachers`
--

CREATE TABLE `teachers` (
  `id` int(10) UNSIGNED NOT NULL,
  `teacher_id` varchar(255) COLLATE utf8mb4_unicode_ci NOT NULL,
  `address` text COLLATE utf8mb4_unicode_ci NOT NULL,
  `email` varchar(255) COLLATE utf8mb4_unicode_ci NOT NULL,
  `contact_no` varchar(255) COLLATE utf8mb4_unicode_ci NOT NULL,
  `first_name` varchar(255) COLLATE utf8mb4_unicode_ci NOT NULL,
  `middle_name` varchar(255) COLLATE utf8mb4_unicode_ci DEFAULT NULL,
  `last_name` varchar(255) COLLATE utf8mb4_unicode_ci DEFAULT NULL,
  `dob` date NOT NULL,
  `nationality` varchar(255) COLLATE utf8mb4_unicode_ci NOT NULL,
  `gender` enum('Male','Female','She-Male') COLLATE utf8mb4_unicode_ci NOT NULL DEFAULT 'Male',
  `last_qualification` varchar(255) COLLATE utf8mb4_unicode_ci NOT NULL,
  `speciality` varchar(255) COLLATE utf8mb4_unicode_ci NOT NULL,
  `job_type` enum('Permanent','Part-time') COLLATE utf8mb4_unicode_ci NOT NULL DEFAULT 'Permanent',
  `salary` decimal(8,2) DEFAULT NULL,
  `remarks` text COLLATE utf8mb4_unicode_ci DEFAULT NULL,
  `status` enum('Active','Inactive') COLLATE utf8mb4_unicode_ci NOT NULL DEFAULT 'Active',
  `school_id` varchar(255) COLLATE utf8mb4_unicode_ci NOT NULL,
  `created_at` timestamp NULL DEFAULT NULL,
  `updated_at` timestamp NULL DEFAULT NULL
) ENGINE=InnoDB DEFAULT CHARSET=utf8mb4 COLLATE=utf8mb4_unicode_ci;

--
-- Dumping data for table `teachers`
--

INSERT INTO `teachers` (`id`, `teacher_id`, `address`, `email`, `contact_no`, `first_name`, `middle_name`, `last_name`, `dob`, `nationality`, `gender`, `last_qualification`, `speciality`, `job_type`, `salary`, `remarks`, `status`, `school_id`, `created_at`, `updated_at`) VALUES
(20, '02', 'sadf', 'asdf@gmail.com', '05255', 'asdf', 'sadf', 'asdf', '2021-08-19', 'dsaf', 'Male', 'sadf', 'sadf', 'Permanent', '58855.00', 'asdf', 'Active', '160', '2021-08-07 05:09:06', '2021-08-07 05:09:06'),
(21, '05252', 'sdfad', 'dsalkfjl@gmail.com', '025255', 'asdf', 'sdf', 'df', '2021-08-04', 'sadf', 'Female', 'asdf', 'sadf', 'Permanent', '30000.00', NULL, 'Active', '159', '2021-08-07 05:12:57', '2021-08-07 05:12:57');

-- --------------------------------------------------------

--
-- Table structure for table `users`
--

CREATE TABLE `users` (
  `id` bigint(20) NOT NULL,
  `first_name` varchar(255) COLLATE utf8mb4_unicode_ci NOT NULL,
  `last_name` varchar(255) COLLATE utf8mb4_unicode_ci DEFAULT NULL,
  `email` varchar(255) COLLATE utf8mb4_unicode_ci NOT NULL,
  `user_profile_image` varchar(255) COLLATE utf8mb4_unicode_ci DEFAULT NULL,
  `contact_no` varchar(255) COLLATE utf8mb4_unicode_ci DEFAULT NULL,
  `remarks` text COLLATE utf8mb4_unicode_ci DEFAULT NULL,
  `school_id` bigint(20) DEFAULT NULL COMMENT 'when a user is under a client then client id will set here',
  `status` tinyint(4) NOT NULL DEFAULT 1 COMMENT '1:active,0:in-active',
  `type` enum('School','Admin','Teacher','Student') COLLATE utf8mb4_unicode_ci NOT NULL DEFAULT 'Admin',
  `typable_id` bigint(20) DEFAULT NULL,
  `login_status` tinyint(4) NOT NULL DEFAULT 0 COMMENT '1:logged-in,0:Not logged in',
  `password` varchar(255) COLLATE utf8mb4_unicode_ci NOT NULL,
  `email_verified_at` timestamp NULL DEFAULT NULL,
  `remember_token` varchar(100) COLLATE utf8mb4_unicode_ci DEFAULT NULL,
  `created_at` timestamp NULL DEFAULT NULL,
  `updated_at` timestamp NULL DEFAULT NULL
) ENGINE=InnoDB DEFAULT CHARSET=utf8mb4 COLLATE=utf8mb4_unicode_ci;

--
-- Dumping data for table `users`
--

INSERT INTO `users` (`id`, `first_name`, `last_name`, `email`, `user_profile_image`, `contact_no`, `remarks`, `school_id`, `status`, `type`, `typable_id`, `login_status`, `password`, `email_verified_at`, `remember_token`, `created_at`, `updated_at`) VALUES
(1, 'Momit', 'Hasan', 'momit@technolife.ee', '1616308888.jpg', '74645564654', NULL, NULL, 1, 'Admin', NULL, 0, '$2y$10$zFj3Z1gRkrbgUvoNXF6cXubdAp8p54yy4kRgJ421RQNqllCEvHJka', NULL, NULL, '2021-06-07 06:50:15', '2021-07-20 00:15:09'),
(29, 'Rajib', 'Hasan', 'razibeee2014@gmail.com', NULL, '456456456', NULL, NULL, 1, 'Admin', NULL, 0, '$2y$10$Y/uvlLwHx0MLkStdddi8AuXBM1IfymN7235bzKx4ipthkLpYLCg8S', NULL, NULL, '2021-07-14 06:43:53', '2021-08-07 05:32:17'),
(490, 'Khan', NULL, 'mohmmadpur@gmail.com', NULL, '02528588', 'sdafads', 159, 1, 'School', NULL, 0, '$2y$10$r20TbXUdQ26z6pwO.atjSuy0Qmqia..pjOyJKF3qDMxc76vATlBIi', NULL, NULL, '2021-08-07 05:03:48', '2021-08-07 05:04:05'),
(491, 'new', 'Boys', 'boys@gmail.com', NULL, '02525', NULL, 159, 1, 'School', NULL, 1, '$2y$10$n1Ne.b1gAIAlxqe3epJY7.7UDadcX0.yfcuZihnIYg2I.4bjpoWz.', NULL, NULL, '2021-08-07 05:04:47', '2021-08-07 05:32:11'),
(492, 'Fahim', 'Korim', 'fahim@gmail.com', NULL, '02555', NULL, NULL, 1, 'Admin', NULL, 0, '$2y$10$ovGVQH9WU3ZKVxsIxcFc1edNWC.10MEmMNry/Z.PnxPdGNEBwC3XS', NULL, NULL, '2021-08-07 05:05:30', '2021-08-07 05:05:30'),
(493, 'Robin', '', 'bengol@gmail.com', NULL, '05255', NULL, 160, 1, 'School', NULL, 1, '$2y$10$3Yzuf8.h22vdks3gTi3UhezdAzRJKybS6VXEHMfvI8vDRM688wAGq', NULL, NULL, '2021-08-07 05:06:21', '2021-08-07 05:09:24'),
(494, 'Rocky', 'Hamid', 'rocky@gmail.com', NULL, '0525255', NULL, 160, 1, 'School', NULL, 0, '$2y$10$OMoHP.sQ2lo9SrlPl7RDZeVbDFHAi82P8N1uwVeSxK3xxHeinlAbS', NULL, NULL, '2021-08-07 05:07:17', '2021-08-07 05:07:29'),
(495, 'fasdf', '', 'hamid@gmail.com', NULL, '12345', NULL, 160, 1, 'Student', 7, 0, '$2y$10$FPp2S7CdOTULuCxGP3RnZ.GArjil9srvA2BZu.18ZCaBzUmzcjsfG', NULL, NULL, '2021-08-07 05:08:28', '2021-08-07 05:08:28'),
(496, 'asdf', 'asdf', 'asdf@gmail.com', NULL, '05255', 'asdf', 160, 1, 'Teacher', 20, 0, '$2y$10$ogb7q/vBgYN.2M9OQvLuWucXZqu6hANln8QwWIL9HljIZBRinEerW', NULL, NULL, '2021-08-07 05:09:06', '2021-08-07 05:09:06'),
(497, 'sadf', 'asdf', 'new@gmail.com', NULL, '0222', NULL, 159, 1, 'School', NULL, 0, '$2y$10$nKepOtZDSA2r2gZYi7IpXOTwVb/ZdBrw5n8VRdQ3E8sJrI9cNTrvO', NULL, NULL, '2021-08-07 05:10:25', '2021-08-07 05:10:25'),
(498, 'asdf', NULL, 'kamal@gmail.com', '1628335523showcase1.jpg', '0225', NULL, 159, 1, 'Student', 8, 0, '$2y$10$UPBTKnUG0UbJ04GTHeI12u.L2I5nNfIeXnbqUAuLSOfoi8DMoEuBC', NULL, NULL, '2021-08-07 05:11:59', '2021-08-07 05:25:23'),
(499, 'asdf', 'df', 'dsalkfjl@gmail.com', NULL, '025255', NULL, 159, 1, 'Teacher', 21, 0, '$2y$10$YZkY9iY3Ly9Miv6fiCD7S.IjSAUvbhy66YtZNeLvOtx3u4OjwiMfm', NULL, NULL, '2021-08-07 05:12:57', '2021-08-07 05:12:57');

-- --------------------------------------------------------

--
-- Table structure for table `user_groups`
--

CREATE TABLE `user_groups` (
  `id` bigint(20) NOT NULL,
  `group_name` varchar(255) COLLATE utf8mb4_unicode_ci NOT NULL,
  `status` tinyint(4) NOT NULL DEFAULT 1 COMMENT '1:active,0:in-active',
  `type` tinyint(1) NOT NULL DEFAULT 1 COMMENT '1:Admin, 2:School, 3:Teacher, 3:Student',
  `editable` tinyint(4) NOT NULL DEFAULT 1 COMMENT '1:yes,0:no',
  `created_at` timestamp NULL DEFAULT NULL,
  `updated_at` timestamp NULL DEFAULT NULL
) ENGINE=InnoDB DEFAULT CHARSET=utf8mb4 COLLATE=utf8mb4_unicode_ci;

--
-- Dumping data for table `user_groups`
--

INSERT INTO `user_groups` (`id`, `group_name`, `status`, `type`, `editable`, `created_at`, `updated_at`) VALUES
(1, 'Super Admin', 1, 1, 0, NULL, NULL),
(2, 'School Admin', 1, 2, 1, '2020-04-10 07:35:07', '2020-04-10 07:35:07'),
(27, 'Teacher', 1, 3, 1, '2020-04-12 23:59:15', '2020-04-12 23:59:15'),
(29, 'Student', 1, 4, 1, '2021-07-14 06:44:52', '2021-07-14 06:44:52');

-- --------------------------------------------------------

--
-- Table structure for table `user_group_members`
--

CREATE TABLE `user_group_members` (
  `id` bigint(20) UNSIGNED NOT NULL,
  `user_id` bigint(20) NOT NULL,
  `group_id` bigint(20) NOT NULL,
  `status` tinyint(1) NOT NULL DEFAULT 0 COMMENT '1:active,0:in-active',
  `created_at` timestamp NULL DEFAULT NULL,
  `updated_at` timestamp NULL DEFAULT NULL
) ENGINE=InnoDB DEFAULT CHARSET=utf8mb4 COLLATE=utf8mb4_unicode_ci;

--
-- Dumping data for table `user_group_members`
--

INSERT INTO `user_group_members` (`id`, `user_id`, `group_id`, `status`, `created_at`, `updated_at`) VALUES
(1, 1, 1, 1, NULL, NULL),
(4, 1, 2, 0, '2020-04-10 07:35:07', '2020-04-10 07:35:07'),
(5, 1, 27, 0, '2020-04-12 23:59:15', '2020-04-12 23:59:15'),
(6, 29, 1, 1, NULL, NULL),
(488, 490, 2, 1, '2021-08-07 05:03:48', '2021-08-07 05:03:48'),
(489, 491, 2, 1, '2021-08-07 05:04:47', '2021-08-07 05:04:47'),
(490, 492, 1, 1, '2021-08-07 05:05:30', '2021-08-07 05:05:30'),
(491, 493, 2, 1, '2021-08-07 05:06:21', '2021-08-07 05:06:21'),
(492, 494, 2, 1, '2021-08-07 05:07:17', '2021-08-07 05:07:17'),
(493, 495, 29, 1, '2021-08-07 05:08:28', '2021-08-07 05:08:28'),
(494, 496, 27, 1, '2021-08-07 05:09:06', '2021-08-07 05:09:06'),
(495, 497, 2, 1, '2021-08-07 05:10:25', '2021-08-07 05:10:25'),
(496, 498, 29, 1, '2021-08-07 05:11:59', '2021-08-07 05:11:59'),
(497, 499, 27, 1, '2021-08-07 05:12:57', '2021-08-07 05:12:57');

-- --------------------------------------------------------

--
-- Table structure for table `user_group_permissions`
--

CREATE TABLE `user_group_permissions` (
  `id` bigint(20) UNSIGNED NOT NULL,
  `group_id` bigint(20) NOT NULL DEFAULT 0,
  `action_id` bigint(20) NOT NULL DEFAULT 0,
  `status` tinyint(1) NOT NULL DEFAULT 0 COMMENT '1:active,0:in-active',
  `created_at` timestamp NULL DEFAULT NULL,
  `updated_at` timestamp NULL DEFAULT NULL
) ENGINE=InnoDB DEFAULT CHARSET=utf8mb4 COLLATE=utf8mb4_unicode_ci;

--
-- Dumping data for table `user_group_permissions`
--

INSERT INTO `user_group_permissions` (`id`, `group_id`, `action_id`, `status`, `created_at`, `updated_at`) VALUES
(1, 1, 1, 1, NULL, NULL),
(2, 1, 2, 1, NULL, NULL),
(3, 1, 3, 1, NULL, NULL),
(4, 1, 4, 1, NULL, NULL),
(5, 1, 5, 1, NULL, NULL),
(6, 1, 6, 1, NULL, NULL),
(7, 1, 7, 1, NULL, NULL),
(8, 1, 8, 1, NULL, NULL),
(9, 1, 9, 1, NULL, NULL),
(10, 1, 10, 1, NULL, NULL),
(11, 1, 11, 1, NULL, NULL),
(12, 1, 12, 1, '2020-04-09 08:26:07', '2020-04-09 08:26:07'),
(15, 1, 15, 1, '2020-04-09 18:50:37', '2020-04-09 18:50:37'),
(16, 1, 16, 1, '2020-04-10 04:54:39', '2020-04-10 04:54:39'),
(17, 1, 17, 1, '2020-04-10 04:55:22', '2020-04-10 04:55:22'),
(18, 1, 18, 1, '2020-04-10 04:55:36', '2020-04-10 04:55:36'),
(19, 1, 19, 1, '2020-04-10 04:56:36', '2020-04-10 04:56:36'),
(20, 1, 20, 1, '2020-04-10 05:26:19', '2020-04-10 05:26:19'),
(39, 27, 1, 0, '2020-04-12 23:59:15', '2020-04-12 23:59:15'),
(40, 27, 2, 0, '2020-04-12 23:59:15', '2020-04-12 23:59:15'),
(41, 27, 3, 0, '2020-04-12 23:59:15', '2020-04-12 23:59:15'),
(42, 27, 4, 0, '2020-04-12 23:59:15', '2020-04-12 23:59:15'),
(43, 27, 5, 0, '2020-04-12 23:59:15', '2020-04-12 23:59:15'),
(44, 27, 6, 0, '2020-04-12 23:59:15', '2020-04-12 23:59:15'),
(45, 27, 7, 0, '2020-04-12 23:59:15', '2020-04-12 23:59:15'),
(46, 27, 8, 0, '2020-04-12 23:59:15', '2020-04-12 23:59:15'),
(47, 27, 9, 0, '2020-04-12 23:59:15', '2020-04-12 23:59:15'),
(48, 27, 10, 0, '2020-04-12 23:59:15', '2020-04-12 23:59:15'),
(49, 27, 11, 0, '2020-04-12 23:59:15', '2020-04-12 23:59:15'),
(50, 27, 12, 0, '2020-04-12 23:59:15', '2020-04-12 23:59:15'),
(51, 27, 15, 0, '2020-04-12 23:59:15', '2020-04-12 23:59:15'),
(52, 27, 16, 0, '2020-04-12 23:59:15', '2020-04-12 23:59:15'),
(53, 27, 17, 0, '2020-04-12 23:59:15', '2020-04-12 23:59:15'),
(54, 27, 18, 0, '2020-04-12 23:59:15', '2020-04-12 23:59:15'),
(55, 27, 19, 0, '2020-04-12 23:59:15', '2020-04-12 23:59:15'),
(56, 27, 20, 0, '2020-04-12 23:59:15', '2020-04-12 23:59:15'),
(331, 1, 93, 1, '2021-07-18 23:40:08', '2021-07-18 23:40:08'),
(332, 2, 93, 0, '2021-07-18 23:40:08', '2021-07-18 23:40:08'),
(333, 27, 93, 0, '2021-07-18 23:40:08', '2021-07-18 23:40:08'),
(334, 29, 93, 0, '2021-07-18 23:40:08', '2021-07-18 23:40:08'),
(335, 1, 94, 1, '2021-07-18 23:41:54', '2021-07-18 23:41:54'),
(336, 2, 94, 0, '2021-07-18 23:41:54', '2021-07-18 23:41:54'),
(337, 27, 94, 0, '2021-07-18 23:41:54', '2021-07-18 23:41:54'),
(338, 29, 94, 0, '2021-07-18 23:41:54', '2021-07-18 23:41:54'),
(339, 1, 95, 1, '2021-07-18 23:42:12', '2021-07-18 23:42:12'),
(340, 2, 95, 0, '2021-07-18 23:42:12', '2021-07-18 23:42:12'),
(341, 27, 95, 0, '2021-07-18 23:42:12', '2021-07-18 23:42:12'),
(342, 29, 95, 0, '2021-07-18 23:42:12', '2021-07-18 23:42:12'),
(343, 1, 96, 1, '2021-07-19 01:32:44', '2021-07-19 01:32:44'),
(344, 2, 96, 0, '2021-07-19 01:32:44', '2021-07-19 01:32:44'),
(345, 27, 96, 0, '2021-07-19 01:32:44', '2021-07-19 01:32:44'),
(346, 29, 96, 0, '2021-07-19 01:32:44', '2021-07-19 01:32:44'),
(355, 1, 99, 1, '2021-07-24 19:08:05', '2021-07-24 19:08:05'),
(356, 2, 99, 1, '2021-07-24 19:08:05', '2021-07-24 19:08:05'),
(357, 27, 99, 0, '2021-07-24 19:08:05', '2021-07-24 19:08:05'),
(358, 29, 99, 0, '2021-07-24 19:08:05', '2021-07-24 19:08:05'),
(359, 1, 100, 1, '2021-07-25 11:59:14', '2021-07-25 11:59:14'),
(360, 2, 100, 1, '2021-07-25 11:59:14', '2021-07-25 11:59:14'),
(361, 27, 100, 0, '2021-07-25 11:59:14', '2021-07-25 11:59:14'),
(362, 29, 100, 0, '2021-07-25 11:59:14', '2021-07-25 11:59:14'),
(363, 1, 101, 1, '2021-07-25 12:00:11', '2021-07-25 12:00:11'),
(364, 2, 101, 1, '2021-07-25 12:00:11', '2021-07-25 12:00:11'),
(365, 27, 101, 0, '2021-07-25 12:00:11', '2021-07-25 12:00:11'),
(366, 29, 101, 0, '2021-07-25 12:00:11', '2021-07-25 12:00:11'),
(367, 1, 102, 1, '2021-07-25 12:00:38', '2021-07-25 12:00:38'),
(368, 2, 102, 1, '2021-07-25 12:00:38', '2021-07-25 12:00:38'),
(369, 27, 102, 0, '2021-07-25 12:00:38', '2021-07-25 12:00:38'),
(370, 29, 102, 0, '2021-07-25 12:00:38', '2021-07-25 12:00:38'),
(371, 1, 103, 1, '2021-08-01 01:04:23', '2021-08-01 01:04:23'),
(372, 2, 103, 1, '2021-08-01 01:04:23', '2021-08-01 01:04:23'),
(373, 27, 103, 0, '2021-08-01 01:04:23', '2021-08-01 01:04:23'),
(374, 29, 103, 0, '2021-08-01 01:04:23', '2021-08-01 01:04:23'),
(375, 1, 104, 1, '2021-08-01 01:05:16', '2021-08-01 01:05:16'),
(376, 2, 104, 1, '2021-08-01 01:05:16', '2021-08-01 01:05:16'),
(377, 27, 104, 0, '2021-08-01 01:05:16', '2021-08-01 01:05:16'),
(378, 29, 104, 0, '2021-08-01 01:05:16', '2021-08-01 01:05:16'),
(379, 1, 105, 1, '2021-08-01 01:05:38', '2021-08-01 01:05:38'),
(380, 2, 105, 1, '2021-08-01 01:05:38', '2021-08-01 01:05:38'),
(381, 27, 105, 0, '2021-08-01 01:05:38', '2021-08-01 01:05:38'),
(382, 29, 105, 0, '2021-08-01 01:05:38', '2021-08-01 01:05:38'),
(383, 1, 106, 1, '2021-08-01 01:05:55', '2021-08-01 01:05:55'),
(384, 2, 106, 1, '2021-08-01 01:05:55', '2021-08-01 01:05:55'),
(385, 27, 106, 0, '2021-08-01 01:05:55', '2021-08-01 01:05:55'),
(386, 29, 106, 0, '2021-08-01 01:05:55', '2021-08-01 01:05:55'),
(387, 1, 107, 1, '2021-08-01 01:08:13', '2021-08-01 01:08:13'),
(388, 2, 107, 1, '2021-08-01 01:08:13', '2021-08-01 01:08:13'),
(389, 27, 107, 0, '2021-08-01 01:08:13', '2021-08-01 01:08:13'),
(390, 29, 107, 0, '2021-08-01 01:08:13', '2021-08-01 01:08:13'),
(391, 1, 108, 1, '2021-08-01 01:08:38', '2021-08-01 01:08:38'),
(392, 2, 108, 1, '2021-08-01 01:08:38', '2021-08-01 01:08:38'),
(393, 27, 108, 0, '2021-08-01 01:08:38', '2021-08-01 01:08:38'),
(394, 29, 108, 0, '2021-08-01 01:08:38', '2021-08-01 01:08:38'),
(395, 1, 109, 1, '2021-08-01 01:09:23', '2021-08-01 01:09:23'),
(396, 2, 109, 1, '2021-08-01 01:09:23', '2021-08-01 01:09:23'),
(397, 27, 109, 0, '2021-08-01 01:09:23', '2021-08-01 01:09:23'),
(398, 29, 109, 0, '2021-08-01 01:09:23', '2021-08-01 01:09:23'),
(399, 1, 110, 1, '2021-08-01 01:09:40', '2021-08-01 01:09:40'),
(400, 2, 110, 1, '2021-08-01 01:09:40', '2021-08-01 01:09:40'),
(401, 27, 110, 0, '2021-08-01 01:09:40', '2021-08-01 01:09:40'),
(402, 29, 110, 0, '2021-08-01 01:09:40', '2021-08-01 01:09:40');

--
-- Indexes for dumped tables
--

--
-- Indexes for table `actions`
--
ALTER TABLE `actions`
  ADD PRIMARY KEY (`id`),
  ADD KEY `FK_actions_menus` (`module_id`),
  ADD KEY `FK_actions_menus_2` (`is_menu`);

--
-- Indexes for table `jobs`
--
ALTER TABLE `jobs`
  ADD PRIMARY KEY (`id`),
  ADD KEY `jobs_queue_index` (`queue`);

--
-- Indexes for table `menus`
--
ALTER TABLE `menus`
  ADD PRIMARY KEY (`id`);

--
-- Indexes for table `migrations`
--
ALTER TABLE `migrations`
  ADD PRIMARY KEY (`id`);

--
-- Indexes for table `notifications`
--
ALTER TABLE `notifications`
  ADD PRIMARY KEY (`id`),
  ADD KEY `notifications_notifiable_type_notifiable_id_index` (`notifiable_type`,`notifiable_id`);

--
-- Indexes for table `oauth_access_tokens`
--
ALTER TABLE `oauth_access_tokens`
  ADD PRIMARY KEY (`id`),
  ADD KEY `oauth_access_tokens_user_id_index` (`user_id`);

--
-- Indexes for table `oauth_auth_codes`
--
ALTER TABLE `oauth_auth_codes`
  ADD PRIMARY KEY (`id`),
  ADD KEY `oauth_auth_codes_user_id_index` (`user_id`);

--
-- Indexes for table `oauth_clients`
--
ALTER TABLE `oauth_clients`
  ADD PRIMARY KEY (`id`),
  ADD KEY `oauth_clients_user_id_index` (`user_id`);

--
-- Indexes for table `oauth_personal_access_clients`
--
ALTER TABLE `oauth_personal_access_clients`
  ADD PRIMARY KEY (`id`);

--
-- Indexes for table `oauth_refresh_tokens`
--
ALTER TABLE `oauth_refresh_tokens`
  ADD PRIMARY KEY (`id`);

--
-- Indexes for table `schools`
--
ALTER TABLE `schools`
  ADD PRIMARY KEY (`id`);

--
-- Indexes for table `settings`
--
ALTER TABLE `settings`
  ADD PRIMARY KEY (`id`);

--
-- Indexes for table `students`
--
ALTER TABLE `students`
  ADD PRIMARY KEY (`id`);

--
-- Indexes for table `teachers`
--
ALTER TABLE `teachers`
  ADD PRIMARY KEY (`id`);

--
-- Indexes for table `users`
--
ALTER TABLE `users`
  ADD PRIMARY KEY (`id`),
  ADD UNIQUE KEY `users_email_unique` (`email`);

--
-- Indexes for table `user_groups`
--
ALTER TABLE `user_groups`
  ADD PRIMARY KEY (`id`);

--
-- Indexes for table `user_group_members`
--
ALTER TABLE `user_group_members`
  ADD PRIMARY KEY (`id`),
  ADD KEY `FK_user_group_members_users` (`user_id`),
  ADD KEY `FK_user_group_members_user_groups` (`group_id`);

--
-- Indexes for table `user_group_permissions`
--
ALTER TABLE `user_group_permissions`
  ADD PRIMARY KEY (`id`),
  ADD KEY `FK_user_group_permissions_user_groups` (`group_id`),
  ADD KEY `FK_user_group_permissions_actions` (`action_id`);

--
-- AUTO_INCREMENT for dumped tables
--

--
-- AUTO_INCREMENT for table `actions`
--
ALTER TABLE `actions`
  MODIFY `id` bigint(20) NOT NULL AUTO_INCREMENT, AUTO_INCREMENT=111;

--
-- AUTO_INCREMENT for table `jobs`
--
ALTER TABLE `jobs`
  MODIFY `id` bigint(20) UNSIGNED NOT NULL AUTO_INCREMENT, AUTO_INCREMENT=245;

--
-- AUTO_INCREMENT for table `menus`
--
ALTER TABLE `menus`
  MODIFY `id` bigint(20) NOT NULL AUTO_INCREMENT, AUTO_INCREMENT=45;

--
-- AUTO_INCREMENT for table `migrations`
--
ALTER TABLE `migrations`
  MODIFY `id` int(10) UNSIGNED NOT NULL AUTO_INCREMENT, AUTO_INCREMENT=41;

--
-- AUTO_INCREMENT for table `oauth_clients`
--
ALTER TABLE `oauth_clients`
  MODIFY `id` bigint(20) UNSIGNED NOT NULL AUTO_INCREMENT;

--
-- AUTO_INCREMENT for table `oauth_personal_access_clients`
--
ALTER TABLE `oauth_personal_access_clients`
  MODIFY `id` bigint(20) UNSIGNED NOT NULL AUTO_INCREMENT;

--
-- AUTO_INCREMENT for table `schools`
--
ALTER TABLE `schools`
  MODIFY `id` int(10) UNSIGNED NOT NULL AUTO_INCREMENT, AUTO_INCREMENT=161;

--
-- AUTO_INCREMENT for table `settings`
--
ALTER TABLE `settings`
  MODIFY `id` bigint(20) UNSIGNED NOT NULL AUTO_INCREMENT, AUTO_INCREMENT=2;

--
-- AUTO_INCREMENT for table `students`
--
ALTER TABLE `students`
  MODIFY `id` int(10) UNSIGNED NOT NULL AUTO_INCREMENT, AUTO_INCREMENT=9;

--
-- AUTO_INCREMENT for table `teachers`
--
ALTER TABLE `teachers`
  MODIFY `id` int(10) UNSIGNED NOT NULL AUTO_INCREMENT, AUTO_INCREMENT=22;

--
-- AUTO_INCREMENT for table `users`
--
ALTER TABLE `users`
  MODIFY `id` bigint(20) NOT NULL AUTO_INCREMENT, AUTO_INCREMENT=500;

--
-- AUTO_INCREMENT for table `user_groups`
--
ALTER TABLE `user_groups`
  MODIFY `id` bigint(20) NOT NULL AUTO_INCREMENT, AUTO_INCREMENT=31;

--
-- AUTO_INCREMENT for table `user_group_members`
--
ALTER TABLE `user_group_members`
  MODIFY `id` bigint(20) UNSIGNED NOT NULL AUTO_INCREMENT, AUTO_INCREMENT=498;

--
-- AUTO_INCREMENT for table `user_group_permissions`
--
ALTER TABLE `user_group_permissions`
  MODIFY `id` bigint(20) UNSIGNED NOT NULL AUTO_INCREMENT, AUTO_INCREMENT=403;

--
-- Constraints for dumped tables
--

--
-- Constraints for table `actions`
--
ALTER TABLE `actions`
  ADD CONSTRAINT `FK_actions_menus` FOREIGN KEY (`module_id`) REFERENCES `menus` (`id`),
  ADD CONSTRAINT `FK_actions_menus_2` FOREIGN KEY (`is_menu`) REFERENCES `menus` (`id`);

--
-- Constraints for table `user_group_members`
--
ALTER TABLE `user_group_members`
  ADD CONSTRAINT `FK_user_group_members_user_groups` FOREIGN KEY (`group_id`) REFERENCES `user_groups` (`id`),
  ADD CONSTRAINT `FK_user_group_members_users` FOREIGN KEY (`user_id`) REFERENCES `users` (`id`);

--
-- Constraints for table `user_group_permissions`
--
ALTER TABLE `user_group_permissions`
  ADD CONSTRAINT `FK_user_group_permissions_actions` FOREIGN KEY (`action_id`) REFERENCES `actions` (`id`),
  ADD CONSTRAINT `FK_user_group_permissions_user_groups` FOREIGN KEY (`group_id`) REFERENCES `user_groups` (`id`);
COMMIT;

/*!40101 SET CHARACTER_SET_CLIENT=@OLD_CHARACTER_SET_CLIENT */;
/*!40101 SET CHARACTER_SET_RESULTS=@OLD_CHARACTER_SET_RESULTS */;
/*!40101 SET COLLATION_CONNECTION=@OLD_COLLATION_CONNECTION */;
